hk 香港電台第二台 RTHK Radio 2,hk_香港電台第二台_RTHK_Radio_2,Commercial2,0,https://www.radio-hk.com/xiang-gang-dian-tai-di-er-tai-rthk-radio-2,hk,0
hk 香港電台第一台 RTHK Radio 1,hk_香港電台第一台_RTHK_Radio_1,Commercial2,0,https://www.radio-hk.com/xiang-gang-dian-tai-di-tai-rthk-radio-1,hk,0
hk 香港電台第五台 - RTHK Radio 5,hk_香港電台第五台_-_RTHK_Radio_5,Commercial2,0,https://www.radio-hk.com/xiang-gang-dian-tai-di-wu-tai-rthk-radio-5,hk,0
hk 新城財經台 Metro Finance FM104,hk_新城財經台_Metro_Finance_FM104,Commercial2,0,https://www.radio-hk.com/xin-cheng-cai-jing-tai-metro-radio,hk,0
hk D100 HK,hk_D100_HK,Commercial2,0,https://www.radio-hk.com/d100-hk-zhen-zheng-shu-yu-xiang-gang-de-dian-tai,hk,0
hk 香港電台普通話台 RTHK Radio,hk_香港電台普通話台_RTHK_Radio,Commercial2,0,https://www.radio-hk.com/xiang-gang-dian-tai-pu-tong-hua-tai-rthk-radio,hk,0
hk Digital Radio Hong Kong,hk_Digital_Radio_Hong_Kong,Commercial2,0,https://www.radio-hk.com/digital-radio-hong-kong,hk,0
hk 新城知訊台 MetroInfo FM99-7,hk_新城知訊台_MetroInfo_FM99-7,Commercial2,0,https://www.radio-hk.com/xin-cheng-zhi-xun-tai-metro-radio,hk,0
hk 香港電台第三台 RTHK Radio 3,hk_香港電台第三台_RTHK_Radio_3,Commercial2,0,https://www.radio-hk.com/xiang-gang-dian-tai-di-san-tai-rthk-radio-3,hk,0
hk 香港電台第四台 RTHK Radio 4,hk_香港電台第四台_RTHK_Radio_4,Commercial2,0,https://www.radio-hk.com/xiang-gang-dian-tai-di-si-tai-rthk-radio-4,hk,0
hk Beam FM - Adult Hits,hk_Beam_FM_-_Adult_Hits,Commercial2,0,https://www.radio-hk.com/sg/beam-fm-adult-hits,hk,0
hk CNR香港之声 - CNR Voice of Hong Kong,hk_CNR香港之声_-_CNR_Voice_of_Hong_Kong,Commercial2,0,https://www.radio-hk.com/cnrxiang-gang-zhi-sheng-cnr-voice-of-hong-kong,hk,0
hk Beam FM,hk_Beam_FM,Commercial2,0,https://www.radio-hk.com/sg/beam-fm,hk,0
hk BBC World Service,hk_BBC_World_Service,Commercial2,0,https://www.radio-hk.com/sg/bbc-world-service,hk,0
hk VOA 美國之音,hk_VOA_美國之音,Commercial2,0,https://www.radio-hk.com/voa-mei-guo-zhi-yin,hk,0
hk Linn Jazz 英國網路音樂台,hk_Linn_Jazz_英國網路音樂台,Commercial2,0,https://www.radio-hk.com/linn-jazz-ying-guo-wang-lu-yin-le-tai,hk,0
hk Apple-FM,hk_Apple-FM,Commercial2,0,https://www.radio-hk.com/apple-fm,hk,0
hk Whisperings:Solo Piano Radio - 鋼琴獨奏網路音樂電台,hk_Whisperings:Solo_Piano_Radio_-_鋼琴獨奏網路音樂電台,Commercial2,0,https://www.radio-hk.com/whisperingssolo-piano-radio-gang-qin-du-zou-wang-lu-yin-le-dian-tai,hk,0
hk 89-7 Hard Rock FM,hk_89-7_Hard_Rock_FM,Commercial2,0,https://www.radio-hk.com/897-hard-rock-fm,hk,0
hk WQXR-FM 紐約愛樂電台,hk_WQXR-FM_紐約愛樂電台,Commercial2,0,https://www.radio-hk.com/wqxr-fm-niu-yue-ai-le-dian-tai,hk,0
hk AXR Hong Kong,hk_AXR_Hong_Kong,Commercial2,0,https://www.radio-hk.com/axr-asia-expat-radio-hong-kong,hk,0
hk 華語 HITS,hk_華語_HITS,Commercial2,0,https://www.radio-hk.com/hua-yu-hits,hk,0
hk Radio Lantau,hk_Radio_Lantau,Commercial2,0,https://www.radio-hk.com/radio-lantau,hk,0
hk 地鐵加 Metro Plus AM 1044,hk_地鐵加_Metro_Plus_AM_1044,Commercial2,0,https://www.radio-hk.com/metro-plus-am-1044,hk,0
hk HongKong Latino Radio,hk_HongKong_Latino_Radio,Commercial2,0,https://www.radio-hk.com/hk-latino-radio,hk,0
hk WeFunk Radio 放克音樂網路電台,hk_WeFunk_Radio_放克音樂網路電台,Commercial2,0,https://www.radio-hk.com/wefunk-radio-fang-ke-yin-le-wang-lu-dian-tai,hk,0
hk Metal Hammer Radio 重金屬音樂電台,hk_Metal_Hammer_Radio_重金屬音樂電台,Commercial2,0,https://www.radio-hk.com/metal-hammer-radio-zhong-jin-shu-yin-le-dian-tai,hk,0
hk Capital Disko,hk_Capital_Disko,Commercial2,0,https://www.radio-hk.com/capital-disko,hk,0
hk La French Radio Hong-Kong et Macao,hk_La_French_Radio_Hong-Kong_et_Macao,Commercial2,0,https://www.radio-hk.com/la-french-radio-hong-kong-et-macao,hk,0
hk Raggakings 雷鬼音樂網路電台,hk_Raggakings_雷鬼音樂網路電台,Commercial2,0,https://www.radio-hk.com/raggakings-lei-gui-yin-le-wang-lu-dian-tai,hk,0
hk SPGFM,hk_SPGFM,Commercial2,0,https://www.radio-hk.com/spgfm,hk,0
hk IMC Broadcasting,hk_IMC_Broadcasting,Commercial2,0,https://www.radio-hk.com/imc-broadcasting,hk,0
hk Pasaway10-11fm online radio,hk_Pasaway10-11fm_online_radio,Commercial2,0,https://www.radio-hk.com/pasaway1011fm-online-radio,hk,0
hk 18-3LDR OFW TAMBAYAN,hk_18-3LDR_OFW_TAMBAYAN,Commercial2,0,https://www.radio-hk.com/1813-team-balat-online-radio,hk,0
hk Billboard Radio - EDM-Club,hk_Billboard_Radio_-_EDM-Club,Commercial2,0,https://www.radio-hk.com/cn/billboard-edm-club,hk,0
hk Billboard Radio - Rock,hk_Billboard_Radio_-_Rock,Commercial2,0,https://www.radio-hk.com/cn/billboard-rock,hk,0
hk 講台 Talkonly,hk_講台_Talkonly,Commercial2,0,https://www.radio-hk.com/jiang-tai-talkonly,hk,0
hk Billboard Radio - Asia Hits,hk_Billboard_Radio_-_Asia_Hits,Commercial2,0,https://www.radio-hk.com/cn/billboard-asia-hits,hk,0
hk 101-1 BIG HEART FM,hk_101-1_BIG_HEART_FM,Commercial2,0,https://www.radio-hk.com/1011-big-heart-fm,hk,0
hk HongKonger Station,hk_HongKonger_Station,Commercial2,0,https://www.radio-hk.com/hongkonger-station,hk,0
ni La Nueva Radio Ya 600,ni_La_Nueva_Radio_Ya_600,Commercial2,0,https://www.radiosdenicaragua.org/la-nueva-radio-ya-600,nicaragua,0
ni Radio Corporación (YNOW),ni_Radio_Corporación_(YNOW),Commercial2,0,https://www.radiosdenicaragua.org/radio-corporacion-ynow,nicaragua,0
ni Radio ABC Stereo,ni_Radio_ABC_Stereo,Commercial2,0,https://www.radiosdenicaragua.org/radio-abc-stereo,nicaragua,0
ni La Picosa 97-9 FM,ni_La_Picosa_97-9_FM,Commercial2,0,https://www.radiosdenicaragua.org/la-picosa-979-fm,nicaragua,0
ni Radio Clasico Nicaragua,ni_Radio_Clasico_Nicaragua,Commercial2,0,https://www.radiosdenicaragua.org/radio-clasico-nicaragua,nicaragua,0
ni Viva FM 98-3 FM,ni_Viva_FM_98-3_FM,Commercial2,0,https://www.radiosdenicaragua.org/viva-fm,nicaragua,0
ni Romántica 98-7 FM,ni_Romántica_98-7_FM,Commercial2,0,https://www.radiosdenicaragua.org/romantica-987-fm,nicaragua,0
ni Radio Maranatha,ni_Radio_Maranatha,Commercial2,0,https://www.radiosdenicaragua.org/radio-maranatha,nicaragua,0
ni Radio Tigre 93-9 FM,ni_Radio_Tigre_93-9_FM,Commercial2,0,https://www.radiosdenicaragua.org/radio-tigre-939-fm,nicaragua,0
ni La Buenísima,ni_La_Buenísima,Commercial2,0,https://www.radiosdenicaragua.org/la-buenisima,nicaragua,0
ni Radio La Primerísima,ni_Radio_La_Primerísima,Commercial2,0,https://www.radiosdenicaragua.org/radio-la-primerisima,nicaragua,0
ni Radio La Tuani,ni_Radio_La_Tuani,Commercial2,0,https://www.radiosdenicaragua.org/radio-la-tuani,nicaragua,0
ni Clásica 101-9 FM,ni_Clásica_101-9_FM,Commercial2,0,https://www.radiosdenicaragua.org/clasica-1019-fm,nicaragua,0
ni Radio Norteña Esteli,ni_Radio_Norteña_Esteli,Commercial2,0,https://www.radiosdenicaragua.org/radio-nortena-esteli,nicaragua,0
ni Radio La Sandino,ni_Radio_La_Sandino,Commercial2,0,https://www.radiosdenicaragua.org/radio-la-sandino,nicaragua,0
ni Radio Restauracion 107-9 FM,ni_Radio_Restauracion_107-9_FM,Commercial2,0,https://www.radiosdenicaragua.org/mi-restautacion-radio,nicaragua,0
ni Añoranzas Radio,ni_Añoranzas_Radio,Commercial2,0,https://www.radiosdenicaragua.org/anoranzas-radio,nicaragua,0
ni Radio La Jefa,ni_Radio_La_Jefa,Commercial2,0,https://www.radiosdenicaragua.org/radio-la-jefa,nicaragua,0
ni Joya 103-9 FM,ni_Joya_103-9_FM,Commercial2,0,https://www.radiosdenicaragua.org/joya-1039-fm,nicaragua,0
ni Radio Cristiana Nicaragua,ni_Radio_Cristiana_Nicaragua,Commercial2,0,https://www.radiosdenicaragua.org/radio-cristiana-nicaragua,nicaragua,0
ni Stereo Beso 94-5 FM,ni_Stereo_Beso_94-5_FM,Commercial2,0,https://www.radiosdenicaragua.org/stereo-beso,nicaragua,0
ni Radio Stereo Dalia 96-1 FM,ni_Radio_Stereo_Dalia_96-1_FM,Commercial2,0,https://www.radiosdenicaragua.org/radio-stereo-dalia-961-fm,nicaragua,0
ni Fiesta Latina 89-1 FM,ni_Fiesta_Latina_89-1_FM,Commercial2,0,https://www.radiosdenicaragua.org/fiesta-latina-891-fm,nicaragua,0
ni Radio Hit,ni_Radio_Hit,Commercial2,0,https://www.radiosdenicaragua.org/radio-hit,nicaragua,0
ni Radio Sinaí 88-3 FM,ni_Radio_Sinaí_88-3_FM,Commercial2,0,https://www.radiosdenicaragua.org/radio-sinai-883-fm,nicaragua,0
ni Radio Nicaragua,ni_Radio_Nicaragua,Commercial2,0,https://www.radiosdenicaragua.org/radio-nicaragua,nicaragua,0
ni Radio Mi Preferida,ni_Radio_Mi_Preferida,Commercial2,0,https://www.radiosdenicaragua.org/radio-mi-preferida,nicaragua,0
ni Radio Samuel,ni_Radio_Samuel,Commercial2,0,https://www.radiosdenicaragua.org/radio-samuel,nicaragua,0
ni Radio Futura 91-3 FM,ni_Radio_Futura_91-3_FM,Commercial2,0,https://www.radiosdenicaragua.org/radio-futura-913-fm2,nicaragua,0
ni Radio Jinotega,ni_Radio_Jinotega,Commercial2,0,https://www.radiosdenicaragua.org/radio-jinotega-1021-fm,nicaragua,0
ni Radio Jerusalen 88,ni_Radio_Jerusalen_88,Commercial2,0,https://www.radiosdenicaragua.org/radio-jerusalen-88,nicaragua,0
ni RADIO RUMBOS,ni_RADIO_RUMBOS,Commercial2,0,https://www.radiosdenicaragua.org/radio-rumbos,nicaragua,0
ni Renovación Radio 98-9 FM,ni_Renovación_Radio_98-9_FM,Commercial2,0,https://www.radiosdenicaragua.org/renovacion-radio-989-fm,nicaragua,0
ni Radio Feeling Matagalpa Nicaragua,ni_Radio_Feeling_Matagalpa_Nicaragua,Commercial2,0,https://www.radiosdenicaragua.org/radio-feeling-matagalpa-nicaragua,nicaragua,0
ni Radio Activa Nicaragua,ni_Radio_Activa_Nicaragua,Commercial2,0,https://www.radiosdenicaragua.org/radio-activa-nicaragua,nicaragua,0
ni Radio Segovia,ni_Radio_Segovia,Commercial2,0,https://www.radiosdenicaragua.org/radio-segovia,nicaragua,0
ni Oxigeno FM,ni_Oxigeno_FM,Commercial2,0,https://www.radiosdenicaragua.org/oxigeno-fm,nicaragua,0
ni Stereo Romance,ni_Stereo_Romance,Commercial2,0,https://www.radiosdenicaragua.org/stereo-romance,nicaragua,0
ni Instrumental radio,ni_Instrumental_radio,Commercial2,0,https://www.radiosdenicaragua.org/instrumental-radio,nicaragua,0
ni Radio Bíblica Cristiana Nicaragua,ni_Radio_Bíblica_Cristiana_Nicaragua,Commercial2,0,https://www.radiosdenicaragua.org/radio-biblica-cristiana-nicaragua,nicaragua,0
ni Estereo Luz,ni_Estereo_Luz,Commercial2,0,https://www.radiosdenicaragua.org/estereo-luz,nicaragua,0
ni Radio Cristo Viene 88-3 FM,ni_Radio_Cristo_Viene_88-3_FM,Commercial2,0,https://www.radiosdenicaragua.org/radio-cristo-viene-883-fm,nicaragua,0
ni Radio La Poderosa 505,ni_Radio_La_Poderosa_505,Commercial2,0,https://www.radiosdenicaragua.org/radio-la-poderosa-505,nicaragua,0
ni Radio Estéreo Fe! Nicaragua,ni_Radio_Estéreo_Fe!_Nicaragua,Commercial2,0,https://www.radiosdenicaragua.org/radio-estereo-fe-nicaragua,nicaragua,0
ni Besame Stereo,ni_Besame_Stereo,Commercial2,0,https://www.radiosdenicaragua.org/besame-stereo,nicaragua,0
ni Radio Camoapa Estéreo,ni_Radio_Camoapa_Estéreo,Commercial2,0,https://www.radiosdenicaragua.org/radio-camoapa-estereo,nicaragua,0
ni Radio Stereo Hermon,ni_Radio_Stereo_Hermon,Commercial2,0,https://www.radiosdenicaragua.org/radio-stereo-hermon,nicaragua,0
ni Rock FM 105-5 FM,ni_Rock_FM_105-5_FM,Commercial2,0,https://www.radiosdenicaragua.org/rock-fm-1055-fm,nicaragua,0
ni La Marka 90-9 Fm,ni_La_Marka_90-9_Fm,Commercial2,0,https://www.radiosdenicaragua.org/la-marka-909-fm,nicaragua,0
ni Radio Catolica Kerigma,ni_Radio_Catolica_Kerigma,Commercial2,0,https://www.radiosdenicaragua.org/radio-catolica-kerigma,nicaragua,0
ni Bautista Radio On Air,ni_Bautista_Radio_On_Air,Commercial2,0,https://www.radiosdenicaragua.org/bautista-radio-on-air,nicaragua,0
ni Radio Visión Celestial 102-9 FM,ni_Radio_Visión_Celestial_102-9_FM,Commercial2,0,https://www.radiosdenicaragua.org/radio-vision-celestial-1029-fm,nicaragua,0
ni Radio URACCAN Rosita,ni_Radio_URACCAN_Rosita,Commercial2,0,https://www.radiosdenicaragua.org/radio-uraccan-rosita,nicaragua,0
ni Fitness Radio,ni_Fitness_Radio,Commercial2,0,https://www.radiosdenicaragua.org/fitness-radio,nicaragua,0
ni Radio Uraccan Siuna,ni_Radio_Uraccan_Siuna,Commercial2,0,https://www.radiosdenicaragua.org/radio-uraccan-siuna,nicaragua,0
ni Radio Getsemani,ni_Radio_Getsemani,Commercial2,0,https://www.radiosdenicaragua.org/radio-getsemani,nicaragua,0
ni Radio Líder,ni_Radio_Líder,Commercial2,0,https://www.radiosdenicaragua.org/radio-lider,nicaragua,0
ni Radio Adoración,ni_Radio_Adoración,Commercial2,0,https://www.radiosdenicaragua.org/radio-adoracion,nicaragua,0
ni Advent Stereo,ni_Advent_Stereo,Commercial2,0,https://www.radiosdenicaragua.org/advent-stereo,nicaragua,0
ni Prix Estereo,ni_Prix_Estereo,Commercial2,0,https://www.radiosdenicaragua.org/prix-estereo,nicaragua,0
ni Radio Voz Cristiana Camoapa,ni_Radio_Voz_Cristiana_Camoapa,Commercial2,0,https://www.radiosdenicaragua.org/radio-voz-cristiana-camoapa,nicaragua,0
ni Happy Radio 96-7 FM,ni_Happy_Radio_96-7_FM,Commercial2,0,https://www.radiosdenicaragua.org/happy-radio-967-fm,nicaragua,0
ni Radio Nuevo Tiempo - Diriamba,ni_Radio_Nuevo_Tiempo_-_Diriamba,Commercial2,0,https://www.radiosdenicaragua.org/radio-nuevo-tiempo-diriamba,nicaragua,0
ni Radio Kiss Me,ni_Radio_Kiss_Me,Commercial2,0,https://www.radiosdenicaragua.org/radio-kiss-me,nicaragua,0
ni Radios Stereo Madriz,ni_Radios_Stereo_Madriz,Commercial2,0,https://www.radiosdenicaragua.org/radios-stereo-madriz,nicaragua,0
ni Radio Ondas de Paz Nicaragua,ni_Radio_Ondas_de_Paz_Nicaragua,Commercial2,0,https://www.radiosdenicaragua.org/radio-ondas-de-paz-nicaragua,nicaragua,0
ni Stereo La Unica,ni_Stereo_La_Unica,Commercial2,0,https://www.radiosdenicaragua.org/stereo-la-unica,nicaragua,0
ni Radio Kiss 92-9 FM Matagalpa,ni_Radio_Kiss_92-9_FM_Matagalpa,Commercial2,0,https://www.radiosdenicaragua.org/radio-kiss-929-fm-matagalpa,nicaragua,0
ni Sterio Mardin 106-7 FM,ni_Sterio_Mardin_106-7_FM,Commercial2,0,https://www.radiosdenicaragua.org/sterio-mardin-1067-fm,nicaragua,0
ni Radio Unica 105-5 FM,ni_Radio_Unica_105-5_FM,Commercial2,0,https://www.radiosdenicaragua.org/radio-unica-1055-fm,nicaragua,0
ni Radio Stereo Monimbo,ni_Radio_Stereo_Monimbo,Commercial2,0,https://www.radiosdenicaragua.org/radio-stereo-monimbo,nicaragua,0
ni Radio El Pensamiento,ni_Radio_El_Pensamiento,Commercial2,0,https://www.radiosdenicaragua.org/radio-el-pensamiento,nicaragua,0
ni Radio Voz de Esperanza,ni_Radio_Voz_de_Esperanza,Commercial2,0,https://www.radiosdenicaragua.org/radio-voz-de-esperanza,nicaragua,0
ni Radio Ke Buena,ni_Radio_Ke_Buena,Commercial2,0,https://www.radiosdenicaragua.org/radio-ke-buena,nicaragua,0
ni La Musikera 102-5 FM,ni_La_Musikera_102-5_FM,Commercial2,0,https://www.radiosdenicaragua.org/la-musikera-1025-fm,nicaragua,0
ni Radio Visión Hermosa,ni_Radio_Visión_Hermosa,Commercial2,0,https://www.radiosdenicaragua.org/radio-vision-hermosa,nicaragua,0
ni RC Radio Estelí 107-7 FM,ni_RC_Radio_Estelí_107-7_FM,Commercial2,0,https://www.radiosdenicaragua.org/1077-rc-radio-esteli-fm,nicaragua,0
ni Radio Ometepe,ni_Radio_Ometepe,Commercial2,0,https://www.radiosdenicaragua.org/radio-ometepe,nicaragua,0
ni Radio La Kye,ni_Radio_La_Kye,Commercial2,0,https://www.radiosdenicaragua.org/radio-la-kye,nicaragua,0
ni Radio Stereo Bethel 106-9,ni_Radio_Stereo_Bethel_106-9,Commercial2,0,https://www.radiosdenicaragua.org/radio-stereo-bethel-1069,nicaragua,0
ni Radio Misionera del Aire,ni_Radio_Misionera_del_Aire,Commercial2,0,https://www.radiosdenicaragua.org/radio-cristiana-fuente-de-la-palabra-viva,nicaragua,0
ni La Ley 102-7 FM,ni_La_Ley_102-7_FM,Commercial2,0,https://www.radiosdenicaragua.org/la-ley-1027-fm,nicaragua,0
ni Levantate El Show,ni_Levantate_El_Show,Commercial2,0,https://www.radiosdenicaragua.org/levantate-el-show,nicaragua,0
ni Radio Cristo Viene Masaya Nicaragua,ni_Radio_Cristo_Viene_Masaya_Nicaragua,Commercial2,0,https://www.radiosdenicaragua.org/radio-cristo-viene-masaya-nicaragua,nicaragua,0
ni Luckie Dubee Radio,ni_Luckie_Dubee_Radio,Commercial2,0,https://www.radiosdenicaragua.org/luckie-dubee-radio,nicaragua,0
ni Radio Eben-ezer 99-7 FM,ni_Radio_Eben-ezer_99-7_FM,Commercial2,0,https://www.radiosdenicaragua.org/radio-eben-ezer-997-fm,nicaragua,0
ni Radio Stereo Bethel 91-5 FM-,ni_Radio_Stereo_Bethel_91-5_FM-,Commercial2,0,https://www.radiosdenicaragua.org/radio-pentecostes-dios-habla-hoy,nicaragua,0
ni La Costeñísima,ni_La_Costeñísima,Commercial2,0,https://www.radiosdenicaragua.org/la-costenisima,nicaragua,0
ni Super Hits Nicaragua,ni_Super_Hits_Nicaragua,Commercial2,0,https://www.radiosdenicaragua.org/super-hits-nicaragua,nicaragua,0
ni Radio Music Nicaragua,ni_Radio_Music_Nicaragua,Commercial2,0,https://www.radiosdenicaragua.org/radio-music-nicaragua,nicaragua,0
ni Radio Stereo Resurrección,ni_Radio_Stereo_Resurrección,Commercial2,0,https://www.radiosdenicaragua.org/radio-stereo-resurreccion,nicaragua,0
ni Radio Solidaridad,ni_Radio_Solidaridad,Commercial2,0,https://www.radiosdenicaragua.org/radio-solidaridad,nicaragua,0
ni Sonoro Radio,ni_Sonoro_Radio,Commercial2,0,https://www.radiosdenicaragua.org/sonoro-radio,nicaragua,0
ni Radio Sonidos De Esperanza,ni_Radio_Sonidos_De_Esperanza,Commercial2,0,https://www.radiosdenicaragua.org/radio-sonidos-de-esperanza,nicaragua,0
ni Radio Shalom Nicaragua,ni_Radio_Shalom_Nicaragua,Commercial2,0,https://www.radiosdenicaragua.org/radio-shalom-nicaragua,nicaragua,0
ni Radio Stereo Cristiana Online,ni_Radio_Stereo_Cristiana_Online,Commercial2,0,https://www.radiosdenicaragua.org/stereo-cristiana-online,nicaragua,0
ni Amistad 92-5 FM,ni_Amistad_92-5_FM,Commercial2,0,https://www.radiosdenicaragua.org/amistad-925-fm,nicaragua,0
ni Radio Calero,ni_Radio_Calero,Commercial2,0,https://www.radiosdenicaragua.org/radio-calero,nicaragua,0
ni Radio Poder De Cristo,ni_Radio_Poder_De_Cristo,Commercial2,0,https://www.radiosdenicaragua.org/radio-poder-de-cristo,nicaragua,0
ni Radio Andromeda,ni_Radio_Andromeda,Commercial2,0,https://www.radiosdenicaragua.org/radio-andromeda2,nicaragua,0
ni Radio La Bipolar,ni_Radio_La_Bipolar,Commercial2,0,https://www.radiosdenicaragua.org/radio-la-bipolar,nicaragua,0
ni Radio Buenas Nuevas Nicaragua,ni_Radio_Buenas_Nuevas_Nicaragua,Commercial2,0,https://www.radiosdenicaragua.org/radio-conexcion,nicaragua,0
ni Dancehall Nicaragua,ni_Dancehall_Nicaragua,Commercial2,0,https://www.radiosdenicaragua.org/dancehall-nicaragua,nicaragua,0
ni The sound of the Carebbean,ni_The_sound_of_the_Carebbean,Commercial2,0,https://www.radiosdenicaragua.org/the-sound-of-the-carebbean,nicaragua,0
ni Radio Bautista 103-1 FM,ni_Radio_Bautista_103-1_FM,Commercial2,0,https://www.radiosdenicaragua.org/radio-bautista-1031-fm,nicaragua,0
ni Stereo Cristal 88-3 FM,ni_Stereo_Cristal_88-3_FM,Commercial2,0,https://www.radiosdenicaragua.org/stereo-cristal-883-fm,nicaragua,0
ni El Poder de Dios para Transformar,ni_El_Poder_de_Dios_para_Transformar,Commercial2,0,https://www.radiosdenicaragua.org/el-poder-de-dios-para-transformar,nicaragua,0
ni Radio One,ni_Radio_One,Commercial2,0,https://www.radiosdenicaragua.org/radio-one,nicaragua,0
ni Nica W Radio,ni_Nica_W_Radio,Commercial2,0,https://www.radiosdenicaragua.org/nica-fm,nicaragua,0
ni Radio Nueva Luz,ni_Radio_Nueva_Luz,Commercial2,0,https://www.radiosdenicaragua.org/radio-nueva-luz,nicaragua,0
ni Radio Show Dalia,ni_Radio_Show_Dalia,Commercial2,0,https://www.radiosdenicaragua.org/radio-show-dalia,nicaragua,0
ni Radio Dios Ama a Nicaragua Online,ni_Radio_Dios_Ama_a_Nicaragua_Online,Commercial2,0,https://www.radiosdenicaragua.org/radio-dios-ama-a-nicaragua-online,nicaragua,0
ni Radio Arcoiris Nicaragua,ni_Radio_Arcoiris_Nicaragua,Commercial2,0,https://www.radiosdenicaragua.org/radio-arcoiris-nicaragua,nicaragua,0
ni My Music Collection,ni_My_Music_Collection,Commercial2,0,https://www.radiosdenicaragua.org/my-music-collection,nicaragua,0
ni Radio Hosanna,ni_Radio_Hosanna,Commercial2,0,https://www.radiosdenicaragua.org/radio-hosanna,nicaragua,0
ni Radio Stereo Verdad La Dalia,ni_Radio_Stereo_Verdad_La_Dalia,Commercial2,0,https://www.radiosdenicaragua.org/radio-stereo-verdad-la-dalia,nicaragua,0
ni Radio Total 505,ni_Radio_Total_505,Commercial2,0,https://www.radiosdenicaragua.org/radio-total-505,nicaragua,0
ni Radio Notimat,ni_Radio_Notimat,Commercial2,0,https://www.radiosdenicaragua.org/radio-notimat,nicaragua,0
ni Radio Nuevo Tiempo - Matagalpa,ni_Radio_Nuevo_Tiempo_-_Matagalpa,Commercial2,0,https://www.radiosdenicaragua.org/radio-nuevo-tiempo-matagalpa,nicaragua,0
ni La Original 101-3 FM,ni_La_Original_101-3_FM,Commercial2,0,https://www.radiosdenicaragua.org/la-original-1013-fm,nicaragua,0
ni Radio Emanuel,ni_Radio_Emanuel,Commercial2,0,https://www.radiosdenicaragua.org/radio-emanuel,nicaragua,0
ni Black Diamond Radio,ni_Black_Diamond_Radio,Commercial2,0,https://www.radiosdenicaragua.org/black-diamond-radio,nicaragua,0
ni Radio Stereo Fe Nicaragua,ni_Radio_Stereo_Fe_Nicaragua,Commercial2,0,https://www.radiosdenicaragua.org/radio-stereo-fe-nicaragua,nicaragua,0
ni LO+90 - La Cápsula del Tiempo,ni_LO+90_-_La_Cápsula_del_Tiempo,Commercial2,0,https://www.radiosdenicaragua.org/lomas90com,nicaragua,0
ni Radio Rumba 505,ni_Radio_Rumba_505,Commercial2,0,https://www.radiosdenicaragua.org/radio-rumba-505,nicaragua,0
ni Radio Kilambe,ni_Radio_Kilambe,Commercial2,0,https://www.radiosdenicaragua.org/radio-kilambe,nicaragua,0
ni Radio Ritmo Latino,ni_Radio_Ritmo_Latino,Commercial2,0,https://www.radiosdenicaragua.org/radio-ritmo-latino,nicaragua,0
ni Radio Jireh,ni_Radio_Jireh,Commercial2,0,https://www.radiosdenicaragua.org/radio-jireh,nicaragua,0
ni Familia Radio,ni_Familia_Radio,Commercial2,0,https://www.radiosdenicaragua.org/familia-radio-tv,nicaragua,0
ni Radio La Voz del Redentor,ni_Radio_La_Voz_del_Redentor,Commercial2,0,https://www.radiosdenicaragua.org/radio-la-voz-del-redentor,nicaragua,0
ni Radio San José,ni_Radio_San_José,Commercial2,0,https://www.radiosdenicaragua.org/radio-san-jose,nicaragua,0
ni Radio Carlos en vivo,ni_Radio_Carlos_en_vivo,Commercial2,0,https://www.radiosdenicaragua.org/radio-carlos-en-vivo,nicaragua,0
ni El-Roi,ni_El-Roi,Commercial2,0,https://www.radiosdenicaragua.org/el-roi,nicaragua,0
ni Radio Guardabarranco,ni_Radio_Guardabarranco,Commercial2,0,https://www.radiosdenicaragua.org/radio-guardabarranco,nicaragua,0
ni Web Manágua en vivo in brazil,ni_Web_Manágua_en_vivo_in_brazil,Commercial2,0,https://www.radiosdenicaragua.org/web-managua-en-vivo-in-brazil,nicaragua,0
ni Radio Hermanos,ni_Radio_Hermanos,Commercial2,0,https://www.radiosdenicaragua.org/radio-hermanos,nicaragua,0
ni Radio Impacto de Fe 103-3 FM,ni_Radio_Impacto_de_Fe_103-3_FM,Commercial2,0,https://www.radiosdenicaragua.org/radio-impacto-de-fe-1033-fm,nicaragua,0
ni Agrodigital Radio,ni_Agrodigital_Radio,Commercial2,0,https://www.radiosdenicaragua.org/agrodigital-radio,nicaragua,0
ni Radio Mundial de Nicaragua,ni_Radio_Mundial_de_Nicaragua,Commercial2,0,https://www.radiosdenicaragua.org/radio-mundial-de-nicaragua,nicaragua,0
ni Radio Regocijo Espritual,ni_Radio_Regocijo_Espritual,Commercial2,0,https://www.radiosdenicaragua.org/radio-regocijo-espritual,nicaragua,0
ni Radio La Hermosa 98-5 FM,ni_Radio_La_Hermosa_98-5_FM,Commercial2,0,https://www.radiosdenicaragua.org/radio-la-hermosa-985-fm,nicaragua,0
ni Rancheras de Bendicion,ni_Rancheras_de_Bendicion,Commercial2,0,https://www.radiosdenicaragua.org/rancheras-de-bendicion,nicaragua,0
ni Radio Hermon Online,ni_Radio_Hermon_Online,Commercial2,0,https://www.radiosdenicaragua.org/radio-hermon-online,nicaragua,0
ni Radio Nexo 89-5 FM,ni_Radio_Nexo_89-5_FM,Commercial2,0,https://www.radiosdenicaragua.org/radio-nexo-895-fm,nicaragua,0
ni Radio Mundo Actual Online,ni_Radio_Mundo_Actual_Online,Commercial2,0,https://www.radiosdenicaragua.org/radio-mundo-actual-online,nicaragua,0
ni Radio Monte Carmelo,ni_Radio_Monte_Carmelo,Commercial2,0,https://www.radiosdenicaragua.org/radio-monte-carmelo,nicaragua,0
ni Radio Que Bendicion,ni_Radio_Que_Bendicion,Commercial2,0,https://www.radiosdenicaragua.org/radio-que-bendicion,nicaragua,0
ni Full Jazz Radio,ni_Full_Jazz_Radio,Commercial2,0,https://www.radiosdenicaragua.org/radio-catarina,nicaragua,0
ni La Original 88-7 FM,ni_La_Original_88-7_FM,Commercial2,0,https://www.radiosdenicaragua.org/la-original-887-fm,nicaragua,0
ni SG Radio Online,ni_SG_Radio_Online,Commercial2,0,https://www.radiosdenicaragua.org/la-reyna,nicaragua,0
ni Fundamental Radio,ni_Fundamental_Radio,Commercial2,0,https://www.radiosdenicaragua.org/fundamental-radio,nicaragua,0
ni Play Radio,ni_Play_Radio,Commercial2,0,https://www.radiosdenicaragua.org/hot-plate-radio,nicaragua,0
ni Radio Manantial de Vida Online,ni_Radio_Manantial_de_Vida_Online,Commercial2,0,https://www.radiosdenicaragua.org/radio-manantial-de-vida-online,nicaragua,0
ni WAO 101-3 FM,ni_WAO_101-3_FM,Commercial2,0,https://www.radiosdenicaragua.org/wao-1013-fm,nicaragua,0
ni Radio Luz Del Mundo,ni_Radio_Luz_Del_Mundo,Commercial2,0,https://www.radiosdenicaragua.org/radio-luz-del-mundo,nicaragua,0
ni MCN Radio 106-7,ni_MCN_Radio_106-7,Commercial2,0,https://www.radiosdenicaragua.org/mcn-radio-1067,nicaragua,0
ni Radio Stereo Nichana,ni_Radio_Stereo_Nichana,Commercial2,0,https://www.radiosdenicaragua.org/radio-stereo-nichana,nicaragua,0
ni Subterráneo Americal Radio,ni_Subterráneo_Americal_Radio,Commercial2,0,https://www.radiosdenicaragua.org/subterraneo-americal-radio,nicaragua,0
ni Radio Stereo Bethel La Dalia,ni_Radio_Stereo_Bethel_La_Dalia,Commercial2,0,https://www.radiosdenicaragua.org/radio-stereo-bethel-la-dalia,nicaragua,0
ni Radio Universtitaria,ni_Radio_Universtitaria,Commercial2,0,https://www.radiosdenicaragua.org/radio-universtitaria,nicaragua,0
ni Radio Fe y Verdad,ni_Radio_Fe_y_Verdad,Commercial2,0,https://www.radiosdenicaragua.org/radio-mundo-actual,nicaragua,0
ni Radio Dinamica,ni_Radio_Dinamica,Commercial2,0,https://www.radiosdenicaragua.org/radio-dinamica,nicaragua,0
ni N-K-W-R,ni_N-K-W-R,Commercial2,0,https://www.radiosdenicaragua.org/nkwr,nicaragua,0
ni Radio Omega,ni_Radio_Omega,Commercial2,0,https://www.radiosdenicaragua.org/radio-omega,nicaragua,0
ni Radio República,ni_Radio_República,Commercial2,0,https://www.radiosdenicaragua.org/radio-republica,nicaragua,0
ni La Voz Evangelica de Nicaragua,ni_La_Voz_Evangelica_de_Nicaragua,Commercial2,0,https://www.radiosdenicaragua.org/la-voz-evangelica-de-nicaragua,nicaragua,0
ni La voz evangelica de Nicaragua,ni_La_voz_evangelica_de_Nicaragua,Commercial2,0,https://www.radiosdenicaragua.org/stereo-jesus,nicaragua,0
ni Radio Masaya Hit,ni_Radio_Masaya_Hit,Commercial2,0,https://www.radiosdenicaragua.org/radio-masaya-hit,nicaragua,0
ni Cuerdas Inolvidables de Bendicion,ni_Cuerdas_Inolvidables_de_Bendicion,Commercial2,0,https://www.radiosdenicaragua.org/cuerdas-inolvidables-de-bendicion,nicaragua,0
ni Rádio Centinela Digital Nicaragua,ni_Rádio_Centinela_Digital_Nicaragua,Commercial2,0,https://www.radiosdenicaragua.org/radio-centinela-digital-nicaragua,nicaragua,0
ni Radio 800 AM,ni_Radio_800_AM,Commercial2,0,https://www.radiosdenicaragua.org/radio-800-am,nicaragua,0
ni Oye Radio,ni_Oye_Radio,Commercial2,0,https://www.radiosdenicaragua.org/oye-radio,nicaragua,0
ni Radio María Nicarágua,ni_Radio_María_Nicarágua,Commercial2,0,https://www.radiosdenicaragua.org/radio-maria-nicaragua,nicaragua,0
ni Radio Stereo Yes 90-1,ni_Radio_Stereo_Yes_90-1,Commercial2,0,https://www.radiosdenicaragua.org/radio-stereo-yes-901,nicaragua,0
ni RT Radio Tropicálida 89-9 FM,ni_RT_Radio_Tropicálida_89-9_FM,Commercial2,0,https://www.radiosdenicaragua.org/radio-tropicalida-899-fm,nicaragua,0
ni Amante FM,ni_Amante_FM,Commercial2,0,https://www.radiosdenicaragua.org/amante-fm,nicaragua,0
ni Alfa 93-5 FM,ni_Alfa_93-5_FM,Commercial2,0,https://www.radiosdenicaragua.org/alfa-935-fm,nicaragua,0
ni Radio Darío 89-3 FM,ni_Radio_Darío_89-3_FM,Commercial2,0,https://www.radiosdenicaragua.org/radio-dario-893-fm,nicaragua,0
ni Radio Universal Nicaragua,ni_Radio_Universal_Nicaragua,Commercial2,0,https://www.radiosdenicaragua.org/radio-universal-nicaragua,nicaragua,0
ni Lite FM 107-1,ni_Lite_FM_107-1,Commercial2,0,https://www.radiosdenicaragua.org/lite-fm-1071,nicaragua,0
ni Suprema 106-3 FM,ni_Suprema_106-3_FM,Commercial2,0,https://www.radiosdenicaragua.org/suprema-1063-fm,nicaragua,0
ni Radio Monimbo,ni_Radio_Monimbo,Commercial2,0,https://www.radiosdenicaragua.org/radio-monimbo,nicaragua,0
ni Radio Invicto Digital,ni_Radio_Invicto_Digital,Commercial2,0,https://www.radiosdenicaragua.org/nation-radio-online,nicaragua,0
ni Stereo 99,ni_Stereo_99,Commercial2,0,https://www.radiosdenicaragua.org/stereo-99,nicaragua,0
ni Radio Genesis Nicaragua,ni_Radio_Genesis_Nicaragua,Commercial2,0,https://www.radiosdenicaragua.org/radio-genesis-nicaragua,nicaragua,0
ni Radio Nueva Jerusalen,ni_Radio_Nueva_Jerusalen,Commercial2,0,https://www.radiosdenicaragua.org/radio-nueva-jerusalen,nicaragua,0
ni Radio Vos,ni_Radio_Vos,Commercial2,0,https://www.radiosdenicaragua.org/radio-vos,nicaragua,0
ni La Pachanguera,ni_La_Pachanguera,Commercial2,0,https://www.radiosdenicaragua.org/la-pachanguera,nicaragua,0
ni Radio Única,ni_Radio_Única,Commercial2,0,https://www.radiosdenicaragua.org/radio-unica,nicaragua,0
ni Galaxy 505,ni_Galaxy_505,Commercial2,0,https://www.radiosdenicaragua.org/galaxy-505,nicaragua,0
ni A Viva Voz Radio,ni_A_Viva_Voz_Radio,Commercial2,0,https://www.radiosdenicaragua.org/a-viva-voz-radio,nicaragua,0
ni Ministerio Cristiano Palabra de Vida,ni_Ministerio_Cristiano_Palabra_de_Vida,Commercial2,0,https://www.radiosdenicaragua.org/ministerio-cristiano-palabra-de-vida,nicaragua,0
ni Radio Torre Fuerte,ni_Radio_Torre_Fuerte,Commercial2,0,https://www.radiosdenicaragua.org/radio-torre-fuerte,nicaragua,0
ni Ke Buena 107-3 FM,ni_Ke_Buena_107-3_FM,Commercial2,0,https://www.radiosdenicaragua.org/ke-buena-1073-fm,nicaragua,0
ni Nazareno Radio Online,ni_Nazareno_Radio_Online,Commercial2,0,https://www.radiosdenicaragua.org/nazareno-radio-online,nicaragua,0
ni Radio Fiesta Latina,ni_Radio_Fiesta_Latina,Commercial2,0,https://www.radiosdenicaragua.org/radio-fiesta-latina,nicaragua,0
ni Radio Bethel 102-9 FM,ni_Radio_Bethel_102-9_FM,Commercial2,0,https://www.radiosdenicaragua.org/radio-bethel-1029-fm,nicaragua,0
ni Bluff Gospel Radio,ni_Bluff_Gospel_Radio,Commercial2,0,https://www.radiosdenicaragua.org/bluff-gospel-radio,nicaragua,0
