https://www.radio-italiane.it,it,italia,40
https://www.radio-jamaica.com,jm,jamaica,2
https://www.radiojapan.org,jp,japan,6
https://www.radio-kenya.com,ke,kenya,3
https://www.radio-korea.com,kr,south korea,3
https://www.radio-maroc.org,ma,morocco,2
https://www.radio-en-vivo.mx,mx,mexico,40
https://www.radiomalaysia.org,my,malaysia,2
https://www.radio-nigeria.com,ng,Nigeria,6
https://www.radiosdenicaragua.org,ni,nicaragua,4
https://www.radio-nederland.nl,nl,nederland,28
https://www.radio-norge.org,no,norge,4
https://www.radio-stations.co.nz,nz,new zealand,5
https://www.radiosdelperu.com.pe,pe,peru,23
https://www.radio-philippines.com,ph,philippines,18
https://www.radio-polska.pl,pl,polska,12
https://www.emisoras-puertorico.com,pr,puerto rico,4
https://www.radios-online.pt,pt,portugal,10
https://www.radio-romania.com,ro,romania,12
https://www.radiosrbija.org,rs,srbija,5
https://www.radio-sveriges.se,se,sverige,6
https://www.radio-singapore.com,sg,singapore,2
https://www.radijskepostaje.com,si,slovenija,2
https://www.radio-senegal.com,sn,senegal,2
https://www.radioselsalvador.org,sv,salvador,6
https://www.radio-thai.com,th,thailand,7
https://www.canli-radyo-dinle.com,tr,turkey,17
https://www.radio-trinidad.com,tt,trinidad,2
https://www.radiotaiwan.tw,tw,taiwan,3
https://www.radio-ua.com,ua,ukraine,5
https://www.fmradiofree.com,us,us,357
https://www.radios-uruguay.com,uy,uruguay,7
https://www.radios-venezuela.com,ve,venezuela,12
https://www.radio-south-africa.co.za,za,south africa,11
