au 101.3 Oak FM,au_101.3_Oak_FM,Commercial2,0,https://www.radio-australia.org/1013-oak-fm,,0
au 102.7 Toowoomba FM,au_102.7_Toowoomba_FM,Commercial2,0,https://www.radio-australia.org/1027-toowoomba-fm,,0
au 102.9 FM Hot Tomato,au_102.9_FM_Hot_Tomato,Commercial2,0,https://www.radio-australia.org/1029-hot-tomato,,0
au 105.1 Life FM,au_105.1_Life_FM,Commercial2,0,https://www.radio-australia.org/1051-life-fm,,0
au 105.5 RoxFM,au_105.5_RoxFM,Commercial2,0,https://www.radio-australia.org/1055-rox-fm,,0
au 1WAY FM,au_1WAY_FM,Commercial2,0,https://www.radio-australia.org/1way-fm,,0
au 2 Triple B FM,au_2_Triple_B_FM,Commercial2,0,https://www.radio-australia.org/2bbb-bellingen-community-radio-933-fm,,0
au 2 XX 98.3 FM,au_2_XX_98.3_FM,Commercial2,0,https://www.radio-australia.org/2-xx-983-fm,,0
au 2000 FM,au_2000_FM,Commercial2,0,https://www.radio-australia.org/2000-fm,,0
au 2AC Australian Chinese Radio - Cantonese,au_2AC_Australian_Chinese_Radio_-_Cantonese,Commercial2,0,https://www.radio-australia.org/2ac-australian-chinese-radio-cantonese,,0
au 2AC Australian Chinese Radio - Mandarin,au_2AC_Australian_Chinese_Radio_-_Mandarin,Commercial2,0,https://www.radio-australia.org/2ac-australian-chinese-radio,,0
au 2AIR FM,au_2AIR_FM,Commercial2,0,https://www.radio-australia.org/2air-fm,,0
au 2ARM,au_2ARM,Commercial2,0,https://www.radio-australia.org/2arm,,0
au 2BOB FM,au_2BOB_FM,Commercial2,0,https://www.radio-australia.org/2bob-fm,,0
au 2BS,au_2BS,Commercial2,0,https://www.radio-australia.org/2bs,,0
au 2CA Forever Classic 1053 AM,au_2CA_Forever_Classic_1053_AM,Commercial2,0,https://www.radio-australia.org/2ca-1053-am,,0
au 2CC Talking Canberra,au_2CC_Talking_Canberra,Commercial2,0,https://www.radio-australia.org/2cc-canberra,,0
au 2CHR - Central Hunter Community Radio,au_2CHR_-_Central_Hunter_Community_Radio,Commercial2,0,https://www.radio-australia.org/2chr-central-hunter-community-radio,,0
au 2CUZ FM,au_2CUZ_FM,Commercial2,0,https://www.radio-australia.org/2cuz-fm,,0
au 2DAY 104.1,au_2DAY_104.1,Commercial2,0,https://www.radio-australia.org/2day-1041,,0
au 2DRY FM,au_2DRY_FM,Commercial2,0,https://www.radio-australia.org/2dry-fm,,0
au 2EAR FM,au_2EAR_FM,Commercial2,0,https://www.radio-australia.org/2ear-fm,,0
au 2EC,au_2EC,Commercial2,0,https://www.radio-australia.org/2ec,,0
au 2GB Sydney,au_2GB_Sydney,Commercial2,0,https://www.radio-australia.org/2gb,,0
au 2GHR Greater Hume Radio,au_2GHR_Greater_Hume_Radio,Commercial2,0,https://www.radio-australia.org/2ghr-greater-hume-radio,,0
au 2GLF 89.3 FM,au_2GLF_89.3_FM,Commercial2,0,https://www.radio-australia.org/2glf-893-fm,,0
au 2GN Goulburn,au_2GN_Goulburn,Commercial2,0,https://www.radio-australia.org/2gn,,0
au 2KY - Sky Sports Radio,au_2KY_-_Sky_Sports_Radio,Commercial2,0,https://www.radio-australia.org/sky-sports-radio,,0
au 2LT,au_2LT,Commercial2,0,https://www.radio-australia.org/2lt,,0
au 2MaxFM 91.3,au_2MaxFM_91.3,Commercial2,0,https://www.radio-australia.org/2-max-fm,,0
au 2MBS Fine Music Sydney,au_2MBS_Fine_Music_Sydney,Commercial2,0,https://www.radio-australia.org/fine-music-1025-fm,,0
au 2MCE,au_2MCE,Commercial2,0,https://www.radio-australia.org/2mce,,0
au 2ME Radio Arabic,au_2ME_Radio_Arabic,Commercial2,0,https://www.radio-australia.org/2me-radio-arabic,,0
au 2MIA FM,au_2MIA_FM,Commercial2,0,https://www.radio-australia.org/2mia-fm,,0
au 2MM Radio 1665 AM,au_2MM_Radio_1665_AM,Commercial2,0,https://www.radio-australia.org/2mm-radio-1665-am,,0
au 2MNO Monaro FM,au_2MNO_Monaro_FM,Commercial2,0,https://www.radio-australia.org/2mno-monaro-fm,,0
au 2NBC 90.1 FM,au_2NBC_90.1_FM,Commercial2,0,https://www.radio-australia.org/2nbc-901-fm,,0
au 2NM 981 AM,au_2NM_981_AM,Commercial2,0,https://www.radio-australia.org/2nm-981-am,,0
au 2NUR FM,au_2NUR_FM,Commercial2,0,https://www.radio-australia.org/2-nur,,0
au 2NVR - Nambucca Valley Radio 105.9 FM,au_2NVR_-_Nambucca_Valley_Radio_105.9_FM,Commercial2,0,https://www.radio-australia.org/2nvr-1059-fm,,0
au 2Oceans FM,au_2Oceans_FM,Commercial2,0,https://www.radio-australia.org/2oceansfm,,0
au 2RDJ 88.1 FM,au_2RDJ_88.1_FM,Commercial2,0,https://www.radio-australia.org/2rdj-881-fm,,0
au 2REM 107.3 FM,au_2REM_107.3_FM,Commercial2,0,https://www.radio-australia.org/2rem-1073-fm,,0
au 2RRR,au_2RRR,Commercial2,0,https://www.radio-australia.org/2rrr,,0
au 2SEA Southern Community Radio,au_2SEA_Southern_Community_Radio,Commercial2,0,https://www.radio-australia.org/2sea-community-radio,,0
au 2SER 107.3 FM,au_2SER_107.3_FM,Commercial2,0,https://www.radio-australia.org/2ser,,0
au 2SM Super Radio,au_2SM_Super_Radio,Commercial2,0,https://www.radio-australia.org/2sm-super-radio,,0
au 2SSR FM 99.7,au_2SSR_FM_99.7,Commercial2,0,https://www.radio-australia.org/2ssr-fm-997,,0
au 2TripleO,au_2TripleO,Commercial2,0,https://www.radio-australia.org/2tripleo,,0
au 2YYY Radio,au_2YYY_Radio,Commercial2,0,https://www.radio-australia.org/2yyy-radio,,0
au 3 Kool n Deadly 1503 AM,au_3_Kool_n_Deadly_1503_AM,Commercial2,0,https://www.radio-australia.org/3knd-1503-am,,0
au 3ABN Australia,au_3ABN_Australia,Commercial2,0,https://www.radio-australia.org/3abn-australia,,0
au 3AW Melbourne,au_3AW_Melbourne,Commercial2,0,https://www.radio-australia.org/3aw-melbourne,,0
au 3BBR FM,au_3BBR_FM,Commercial2,0,https://www.radio-australia.org/3bbr-fm,,0
au 3CR Community Radio 855 AM,au_3CR_Community_Radio_855_AM,Commercial2,0,https://www.radio-australia.org/3cr-community-radio,,0
au 3GDR FM - Golden Days Radio,au_3GDR_FM_-_Golden_Days_Radio,Commercial2,0,https://www.radio-australia.org/3gdr-fm-golden-days-radio,,0
au 3MBS 103.5 FM,au_3MBS_103.5_FM,Commercial2,0,https://www.radio-australia.org/3mbs-radio-1035-fm,,0
au 3MDR 97.1 FM,au_3MDR_97.1_FM,Commercial2,0,https://www.radio-australia.org/3mdr-971-fm,,0
au 3NE Radio 1566 AM,au_3NE_Radio_1566_AM,Commercial2,0,https://www.radio-australia.org/3ne-radio-1566-am,,0
au 3RPP - RPP FM,au_3RPP_-_RPP_FM,Commercial2,0,https://www.radio-australia.org/3rpp,,0
au 3WAY-FM,au_3WAY-FM,Commercial2,0,https://www.radio-australia.org/3way-fm,,0
au 3WBC 94.1 FM,au_3WBC_94.1_FM,Commercial2,0,https://www.radio-australia.org/3wbc-941-fm,,0
au 3XY Radio Hellas,au_3XY_Radio_Hellas,Commercial2,0,https://www.radio-australia.org/3xy-radio-hellas-1422-am,,0
au 3ZZZ FM 92.3,au_3ZZZ_FM_92.3,Commercial2,0,https://www.radio-australia.org/3zzz-fm-923,,0
au 4AM,au_4AM,Commercial2,0,https://www.radio-australia.org/4-am,,0
au 4BC 882 Brisbane,au_4BC_882_Brisbane,Commercial2,0,https://www.radio-australia.org/4bc,,0
au 4BU,au_4BU,Commercial2,0,https://www.radio-australia.org/4bu-classic-hits,,0
au 4CA 846 AM,au_4CA_846_AM,Commercial2,0,https://www.radio-australia.org/4ca-846-am,,0
au 4CC Gladstone,au_4CC_Gladstone,Commercial2,0,https://www.radio-australia.org/4cc-gladstone,,0
au 4CRB 89.3 FM,au_4CRB_89.3_FM,Commercial2,0,https://www.radio-australia.org/4crb-893-fm,,0
au 4CRM Community Radio Mackay,au_4CRM_Community_Radio_Mackay,Commercial2,0,https://www.radio-australia.org/4crm-mackay-community-radio,,0
au 4EB,au_4EB,Commercial2,0,https://www.radio-australia.org/4-eb,,0
au 4GG,au_4GG,Commercial2,0,https://www.radio-australia.org/4gg,,0
au 4K1G FM 107.1,au_4K1G_FM_107.1,Commercial2,0,https://www.radio-australia.org/4k1g-fm-1071,,0
au 4MBS Classic FM,au_4MBS_Classic_FM,Commercial2,0,https://www.radio-australia.org/4mbs-classic-fm,,0
au 4MK 1026 AM,au_4MK_1026_AM,Commercial2,0,https://www.radio-australia.org/4mk-1026-am,,0
au 4MW,au_4MW,Commercial2,0,https://www.radio-australia.org/4mw,,0
au 4OUR 101.5 FM,au_4OUR_101.5_FM,Commercial2,0,https://www.radio-australia.org/4our-1015-fm,,0
au 4PLAY.fm,au_4PLAY.fm,Commercial2,0,https://www.radio-australia.org/4play-fm,,0
au 4RO (AU Only),au_4RO_(AU_Only),Commercial2,0,https://www.radio-australia.org/4ro,,0
au 4RR FM,au_4RR_FM,Commercial2,0,https://www.radio-australia.org/4rr-fm,,0
au 4YOU 98.5 FM,au_4YOU_98.5_FM,Commercial2,0,https://www.radio-australia.org/4you-rockhampton-985-fm,,0
au 4ZZZ FM,au_4ZZZ_FM,Commercial2,0,https://www.radio-australia.org/4zzz-fm,,0
au 5AU,au_5AU,Commercial2,0,https://www.radio-australia.org/5au-classic-hits,,0
au 5CC FM,au_5CC_FM,Commercial2,0,https://www.radio-australia.org/765-5cc-fm,,0
au 5CS,au_5CS,Commercial2,0,https://www.radio-australia.org/5cs-classic-hits,,0
au 5GTR,au_5GTR,Commercial2,0,https://www.radio-australia.org/5gtr,,0
au 5KIx FM 90.7,au_5KIx_FM_90.7,Commercial2,0,https://www.radio-australia.org/5kix-fm-907,,0
au 5MBS 99.9 FM,au_5MBS_99.9_FM,Commercial2,0,https://www.radio-australia.org/5mbs-999-fm,,0
au 5MU,au_5MU,Commercial2,0,https://www.radio-australia.org/5mu-1125,,0
au 5RM,au_5RM,Commercial2,0,https://www.radio-australia.org/5rm-801-am,,0
au 5RTI 531AM - Radio Italiana,au_5RTI_531AM_-_Radio_Italiana,Commercial2,0,https://www.radio-australia.org/5rti-531am-radio-italiana,,0
au 6DBY Larrkardi Radio,au_6DBY_Larrkardi_Radio,Commercial2,0,https://www.radio-australia.org/6dby-larrkardi-radio,,0
au 6IX 105.7 FM,au_6IX_105.7_FM,Commercial2,0,https://www.radio-australia.org/6ix,,0
au 6NEW,au_6NEW,Commercial2,0,https://www.radio-australia.org/6new,,0
au 6PR 882 AM,au_6PR_882_AM,Commercial2,0,https://www.radio-australia.org/6pr,,0
au 7AD 98.9 FM (AU Only),au_7AD_98.9_FM_(AU_Only),Commercial2,0,https://www.radio-australia.org/7ad-900,,0
au 7BOD Star FM 93.7 FM,au_7BOD_Star_FM_93.7_FM,Commercial2,0,https://www.radio-australia.org/7bod-star-fm-937-fm,,0
au 7BU 100.9 FM (AU Only),au_7BU_100.9_FM_(AU_Only),Commercial2,0,https://www.radio-australia.org/7bu-1009-fm,,0
au 7EDG Edge Radio 99.3 FM,au_7EDG_Edge_Radio_99.3_FM,Commercial2,0,https://www.radio-australia.org/7edg-edge-radio-993-fm,,0
au 7HOFM 101.7 (AU Only),au_7HOFM_101.7_(AU_Only),Commercial2,0,https://www.radio-australia.org/7ho-1017-fm,,0
au 7LTN City Park Radio 103.7 FM,au_7LTN_City_Park_Radio_103.7_FM,Commercial2,0,https://www.radio-australia.org/7ltn-city-park-radio-1037-fm,,0
au 7SD FM (AU Only),au_7SD_FM_(AU_Only),Commercial2,0,https://www.radio-australia.org/7sd-540-am,,0
au 7XS FM,au_7XS_FM,Commercial2,0,https://www.radio-australia.org/7xs-fm,,0
au 80's Radio 24v7,au_80's_Radio_24v7,Commercial2,0,https://www.radio-australia.org/shack-rock-radio,,0
au 88.0 WynFM,au_88.0_WynFM,Commercial2,0,https://www.radio-australia.org/wyn-fm,,0
au 88.9 FM Tamworth,au_88.9_FM_Tamworth,Commercial2,0,https://www.radio-australia.org/2-you-fm-889,,0
au 89 7FM,au_89_7FM,Commercial2,0,https://www.radio-australia.org/897fm,,0
au 89.3 Gulf FM,au_89.3_Gulf_FM,Commercial2,0,https://www.radio-australia.org/893-gulf-fm,,0
au 89.9 TheLight,au_89.9_TheLight,Commercial2,0,https://www.radio-australia.org/light-fm,,0
au 8CCC Radio,au_8CCC_Radio,Commercial2,0,https://www.radio-australia.org/8ccc-community-radio,,0
au 8EAR Community Radio,au_8EAR_Community_Radio,Commercial2,0,https://www.radio-australia.org/8ear-community-radio,,0
au 91.3 SportFM,au_91.3_SportFM,Commercial2,0,https://www.radio-australia.org/sportfm,,0
au 91.5 FM The Positive Alternative,au_91.5_FM_The_Positive_Alternative,Commercial2,0,https://www.radio-australia.org/915-fm-the-positive-alternative,,0
au 91.7 The Wave,au_91.7_The_Wave,Commercial2,0,https://www.radio-australia.org/917-the-wave,,0
au 91.9 Fresh FM,au_91.9_Fresh_FM,Commercial2,0,https://www.radio-australia.org/919-fresh-fm,,0
au 91.9 Sea FM Sunshine Coast,au_91.9_Sea_FM_Sunshine_Coast,Commercial2,0,https://www.radio-australia.org/sea-fm-sunshine-coast,,0
au 92.3 FM,au_92.3_FM,Commercial2,0,https://www.radio-australia.org/923-fm,,0
au 92.7 MIX FM,au_92.7_MIX_FM,Commercial2,0,https://www.radio-australia.org/927-mix-fm,,0
au 92.9 Voice FM,au_92.9_Voice_FM,Commercial2,0,https://www.radio-australia.org/929-voice-fm,,0
au 94.1 FM Gold Coast radio,au_94.1_FM_Gold_Coast_radio,Commercial2,0,https://www.radio-australia.org/gold-coast-radio,,0
au 945 Gold FM,au_945_Gold_FM,Commercial2,0,https://www.radio-australia.org/945-gold-fm,,0
au 96 FM,au_96_FM,Commercial2,0,https://www.radio-australia.org/96-fm,,0
au 96five Family Radio,au_96five_Family_Radio,Commercial2,0,https://www.radio-australia.org/96five-family-radio,,0
au 96three FM,au_96three_FM,Commercial2,0,https://www.radio-australia.org/96three-fm,,0
au 97.9 Valley FM,au_97.9_Valley_FM,Commercial2,0,https://www.radio-australia.org/979-valley-fm,,0
au 979 FM Melton Community Radio,au_979_FM_Melton_Community_Radio,Commercial2,0,https://www.radio-australia.org/979-fm-melton-community-radio,,0
au 98.9 2WAR FM Gilgandra,au_98.9_2WAR_FM_Gilgandra,Commercial2,0,https://www.radio-australia.org/989-2war-fm-gilgandra,,0
au 99.3 B-Rock FM,au_99.3_B-Rock_FM,Commercial2,0,https://www.radio-australia.org/993-b-rock-fm,,0
au 99.9 Voice FM,au_99.9_Voice_FM,Commercial2,0,https://www.radio-australia.org/999-voice-fm,,0
au 997 Bridge FM Brisbane,au_997_Bridge_FM_Brisbane,Commercial2,0,https://www.radio-australia.org/997-bridge-fm-brisbane,,0
au ABC Adelaide 891  AM,au_891_ABC_Adelaide,Commercial2,0,https://www.radio-australia.org/891-abc-adelaide,,0
au ABC Alice Springs 783 AM,au_783_ABC_Alice_Springs,Commercial2,0,https://www.radio-australia.org/783-abc-alice-springs,,0
au ABC Brisbane 612 AM,au_612_ABC_Brisbane,Commercial2,0,https://www.radio-australia.org/612-abc-brisbane,,0
au ABC Canberra 666 AM,au_666_ABC_Canberra,Commercial2,0,https://www.radio-australia.org/666-abc-canberra,,0
au ABC Capricornia,au_ABC_Capricornia,Commercial2,0,https://www.radio-australia.org/abc-capricornia,,0
au ABC Central Coast,au_ABC_Central_Coast,Commercial2,0,https://www.radio-australia.org/abc-central-coast,,0
au ABC Classic 2,au_ABC_Classic_2,Commercial2,0,https://www.radio-australia.org/abc-classic-2,,0
au ABC Classic FM,au_ABC_Classic_FM,Commercial2,0,https://www.radio-australia.org/abc-classic-fm,,0
au ABC Country,au_ABC_Country,Commercial2,0,https://www.radio-australia.org/abc-country,,0
au ABC Darwin,au_ABC_Darwin,Commercial2,0,https://www.radio-australia.org/abc-darwin,,0
au ABC Double J,au_ABC_Double_J,Commercial2,0,https://www.radio-australia.org/double-j,,0
au ABC Extra,au_ABC_Extra,Commercial2,0,https://www.radio-australia.org/abc-extra,,0
au ABC Far North Queensland,au_ABC_Far_North_Queensland,Commercial2,0,https://www.radio-australia.org/abc-far-north,,0
au ABC Gippsland,au_ABC_Gippsland,Commercial2,0,https://www.radio-australia.org/abc-gippsland,,0
au ABC Gold Coast 91.7 FM,au_91.7_ABC_Gold_Coast,Commercial2,0,https://www.radio-australia.org/917-abc-gold-coast,,0
au ABC Goldfields,au_ABC_Goldfields,Commercial2,0,https://www.radio-australia.org/abc-goldfields,,0
au ABC Goulburn Murray,au_ABC_Goulburn_Murray,Commercial2,0,https://www.radio-australia.org/abc-goulburn-murray,,0
au ABC Hobart,au_ABC_Hobart,Commercial2,0,https://www.radio-australia.org/936-abc-hobart,,0
au ABC Illawarra,au_ABC_Illawarra,Commercial2,0,https://www.radio-australia.org/abc-illawarra,,0
au ABC Itinerant One,au_ABC_Itinerant_One,Commercial2,0,https://www.radio-australia.org/abc-itinerant-one,,0
au ABC Itinerant Three,au_ABC_Itinerant_Three,Commercial2,0,https://www.radio-australia.org/abc-itinerant-three,,0
au ABC Itinerant Two,au_ABC_Itinerant_Two,Commercial2,0,https://www.radio-australia.org/abc-itinerant-two,,0
au ABC Jazz,au_ABC_Jazz,Commercial2,0,https://www.radio-australia.org/abc-jazz,,0
au ABC Kimberley,au_ABC_Kimberley,Commercial2,0,https://www.radio-australia.org/abc-kimberley,,0
au ABC Mid West Wheatbelt,au_ABC_Mid_West_Wheatbelt,Commercial2,0,https://www.radio-australia.org/abc-mid-west-wheatbelt,,0
au ABC New England North West,au_ABC_New_England_North_West,Commercial2,0,https://www.radio-australia.org/abc-new-england-north-west,,0
au ABC Newcastle,au_ABC_Newcastle,Commercial2,0,https://www.radio-australia.org/1233-abc-newcastle,,0
au ABC News Radio,au_ABC_News_Radio,Commercial2,0,https://www.radio-australia.org/abc-news-radio,,0
au ABC North and West 639 AM,au_639_ABC_North_and_West,Commercial2,0,https://www.radio-australia.org/639-abc-north-and-west,,0
au ABC North Coast,au_ABC_North_Coast,Commercial2,0,https://www.radio-australia.org/abc-north-coast,,0
au ABC North West Queensland,au_ABC_North_West_Queensland,Commercial2,0,https://www.radio-australia.org/abc-north-west-queensland,,0
au ABC Northern Tasmania,au_ABC_Northern_Tasmania,Commercial2,0,https://www.radio-australia.org/abc-northern-tasmania,,0
au ABC Perth 720 AM,au_720_ABC_Perth,Commercial2,0,https://www.radio-australia.org/720-abc-perth,,0
au ABC Pilbara,au_ABC_Pilbara,Commercial2,0,https://www.radio-australia.org/abc-pilbara,,0
au ABC Radio Australia,au_ABC_Radio_Australia,Commercial2,0,https://www.radio-australia.org/abc-radio-australia,,0
au ABC Radio Australia Multi-language,au_ABC_Radio_Australia_Multi-language,Commercial2,0,https://www.radio-australia.org/abc-radio-australia-multi-language,,0
au ABC Radio Canberra,au_ABC_Radio_Canberra,Commercial2,0,https://www.radio-australia.org/abc-radio-canberra,,0
au ABC Radio Melbourne,au_ABC_Radio_Melbourne,Commercial2,0,https://www.radio-australia.org/abc-radio-melbourne,,0
au ABC Radio National,au_ABC_Radio_National,Commercial2,0,https://www.radio-australia.org/abc-radio-national,,0
au ABC Radio National WA,au_ABC_Radio_National_WA,Commercial2,0,https://www.radio-australia.org/abc-radio-national-wa,,0
au ABC Radio Sydney,au_ABC_Radio_Sydney,Commercial2,0,https://www.radio-australia.org/abc-radio-sydney,,0
au ABC South East NSW,au_ABC_South_East_NSW,Commercial2,0,https://www.radio-australia.org/abc-south-east-nsw,,0
au ABC South West WA,au_ABC_South_West_WA,Commercial2,0,https://www.radio-australia.org/abc-south-west,,0
au ABC Southern Queensland,au_ABC_Southern_Queensland,Commercial2,0,https://www.radio-australia.org/abc-southern-queensland,,0
au ABC Sport,au_ABC_Sport,Commercial2,0,https://www.radio-australia.org/abc-sport,,0
au ABC Sunshine Coast,au_ABC_Sunshine_Coast,Commercial2,0,https://www.radio-australia.org/abc-sunshine-coast,,0
au ABC Sydney 702 AM,au_702_ABC_Sydney,Commercial2,0,https://www.radio-australia.org/702-abc-sydney,,0
au ABC Triple J NSW,au_ABC_Triple_J_NSW,Commercial2,0,https://www.radio-australia.org/triple-j,,0
au ABC Triple J NT,au_ABC_Triple_J_NT,Commercial2,0,https://www.radio-australia.org/abc-triple-j-nt,,0
au ABC Triple J QLD,au_ABC_Triple_J_QLD,Commercial2,0,https://www.radio-australia.org/abc-triple-j-qld,,0
au ABC Triple J SA,au_ABC_Triple_J_SA,Commercial2,0,https://www.radio-australia.org/abc-triple-j-sa,,0
au ABC Triple J Unearthed,au_ABC_Triple_J_Unearthed,Commercial2,0,https://www.radio-australia.org/triple-j-unearthed,,0
au ABC Triple J WA,au_ABC_Triple_J_WA,Commercial2,0,https://www.radio-australia.org/abc-triple-j-wa,,0
au ABC Tropical North,au_ABC_Tropical_North,Commercial2,0,https://www.radio-australia.org/abc-tropical-north,,0
au ABC Western Plains,au_ABC_Western_Plains,Commercial2,0,https://www.radio-australia.org/abc-western-plains,,0
au ABC Western Queensland,au_ABC_Western_Queensland,Commercial2,0,https://www.radio-australia.org/abc-western-queensland,,0
au ABC Wimmera,au_ABC_Wimmera,Commercial2,0,https://www.radio-australia.org/abc-wimmera,,0
au ABC Wimmera 2,au_ABC_Wimmera_2,Commercial2,0,https://www.radio-australia.org/abc-wimmera2,,0
au AC 878 FM Australian Chinese FM,au_AC_878_FM_Australian_Chinese_FM,Commercial2,0,https://www.radio-australia.org/ac-878-fm-australian-chinese-fm,,0
au Adelaide Dance Radio,au_Adelaide_Dance_Radio,Commercial2,0,https://www.radio-australia.org/adelaide-dance-radio,,0
au Adelaide Web Radio,au_Adelaide_Web_Radio,Commercial2,0,https://www.radio-australia.org/adelaide-web-radio,,0
au Al Quran Al Kareem Radio,au_Al_Quran_Al_Kareem_Radio,Commercial2,0,https://www.radio-australia.org/al-quran-al-kareem-radio,,0
au Alive 90.5 FM,au_Alive_90.5_FM,Commercial2,0,https://www.radio-australia.org/alive-905-fm,,0
au All Aussie Radio,au_All_Aussie_Radio,Commercial2,0,https://www.radio-australia.org/all-aussie-radio,,0
au All Time Hits Radio,au_All_Time_Hits_Radio,Commercial2,0,https://www.radio-australia.org/melbournes-inspiring-radio,,0
au All Time Hits Radio Christmas,au_All_Time_Hits_Radio_Christmas,Commercial2,0,https://www.radio-australia.org/melbournes-inspiring-radio-christmas,,0
au All Time Hits Radio Classical,au_All_Time_Hits_Radio_Classical,Commercial2,0,https://www.radio-australia.org/all-time-hits-radio-classical,,0
au All Time Hits Radio Opera,au_All_Time_Hits_Radio_Opera,Commercial2,0,https://www.radio-australia.org/all-time-hits-radio-opera,,0
au All Time Hits Radio Worship,au_All_Time_Hits_Radio_Worship,Commercial2,0,https://www.radio-australia.org/all-time-hits-radio-worship,,0
au Alpine Radio,au_Alpine_Radio,Commercial2,0,https://www.radio-australia.org/alpine-radio,,0
au Amplify,au_Amplify,Commercial2,0,https://www.radio-australia.org/alt-city,,0
au Apple 98.5 FM,au_Apple_98.5_FM,Commercial2,0,https://www.radio-australia.org/apple-985-fm,,0
au ArtSound FM 92.7,au_ArtSound_FM_92.7,Commercial2,0,https://www.radio-australia.org/artsound-fm-927,,0
au ATBC - Australian Tamil Broadcasting Corporation,au_ATBC_-_Australian_Tamil_Broadcasting_Corporation,Commercial2,0,https://www.radio-australia.org/atbc-australian-tamil-broadcasting-corporation,,0
au Atomic Music,au_Atomic_Music,Commercial2,0,https://www.radio-australia.org/atomic-music,,0
au AUSLANKA RADIO,au_AUSLANKA_RADIO,Commercial2,0,https://www.radio-australia.org/auslanka-radio,,0
au AusPro,au_AusPro,Commercial2,0,https://www.radio-australia.org/auspro-live,,0
au Aussies Bar Radio - ARN Australia,au_Aussies_Bar_Radio_-_ARN_Australia,Commercial2,0,https://www.radio-australia.org/aussies-bar-radio-arn,,0
au Australian Country Radio,au_Australian_Country_Radio,Commercial2,0,https://www.radio-australia.org/australian-country-radio,,0
au Australian Made Music,au_Australian_Made_Music,Commercial2,0,https://www.radio-australia.org/australian-made-music,,0
au Australian Open Tennis Radio,au_Australian_Open_Tennis_Radio,Commercial2,0,https://www.radio-australia.org/australia-open-radio,,0
au Australian Truck Radio,au_Australian_Truck_Radio,Commercial2,0,https://www.radio-australia.org/the-australian-big-rig-roadshow,,0
au Australias Big Country Radio,au_Australias_Big_Country_Radio,Commercial2,0,https://www.radio-australia.org/australias-big-country-radio,,0
au Backwater Country,au_Backwater_Country,Commercial2,0,https://www.radio-australia.org/backwater-country,,0
au BAFA Radio,au_BAFA_Radio,Commercial2,0,https://www.radio-australia.org/bafa-radio,,0
au Bay & Basin Community Radio,au_Bay_&_Basin_Community_Radio,Commercial2,0,https://www.radio-australia.org/bay-and-basin-927-fm,,0
au Bay 93.9,au_Bay_93.9,Commercial2,0,https://www.radio-australia.org/bay-fm,,0
au Bay FM 100.3 Community Radio,au_Bay_FM_100.3_Community_Radio,Commercial2,0,https://www.radio-australia.org/bay-fm-1003,,0
au Bay FM Port Stephens,au_Bay_FM_Port_Stephens,Commercial2,0,https://www.radio-australia.org/bay-fm-port-stephens,,0
au BayFM 99.9,au_BayFM_99.9,Commercial2,0,https://www.radio-australia.org/bay-fm-999,,0
au BAYISLANDS RADIO 88FM AND 5045,au_BAYISLANDS_RADIO_88FM_AND_5045,Commercial2,0,https://www.radio-australia.org/island-fm-88,,0
au Beam FM - Australia,au_Beam_FM_-_Australia,Commercial2,0,https://www.radio-australia.org/beam-fm-australia,,0
au Beau FM,au_Beau_FM,Commercial2,0,https://www.radio-australia.org/beau-fm,,0
au Bendigo's Fresh FM,au_Bendigo's_Fresh_FM,Commercial2,0,https://www.radio-australia.org/fresh-1015-fm,,0
au Big Hits Country,au_Big_Hits_Country,Commercial2,0,https://www.radio-australia.org/big-hits-country,,0
au Big Hits Radio,au_Big_Hits_Radio,Commercial2,0,https://www.radio-australia.org/big-hits-radio,,0
au BitWaves South Australia,au_BitWaves_South_Australia,Commercial2,0,https://www.radio-australia.org/bitwaves,,0
au Blue Mountains FM,au_Blue_Mountains_FM,Commercial2,0,https://www.radio-australia.org/blue-mountains-fm,,0
au BlueBanana,au_BlueBanana,Commercial2,0,https://www.radio-australia.org/bluebanana,,0
au Blues Rock Legends,au_Blues_Rock_Legends,Commercial2,0,https://www.radio-australia.org/blues-rock-legends,,0
au Bondi Radio,au_Bondi_Radio,Commercial2,0,https://www.radio-australia.org/bondi-radio,,0
au BOOM Radio,au_BOOM_Radio,Commercial2,0,https://www.radio-australia.org/boom-radio,,0
au Boss Radio,au_Boss_Radio,Commercial2,0,https://www.radio-australia.org/boss-radio,,0
au BraidwoodFM,au_BraidwoodFM,Commercial2,0,https://www.radio-australia.org/braidwoodfm,,0
au Bucketts Radio 104.1 FM,au_Bucketts_Radio_104.1_FM,Commercial2,0,https://www.radio-australia.org/bucketts-radio-1041-fm,,0
au Bwgcolman Radio,au_Bwgcolman_Radio,Commercial2,0,https://www.radio-australia.org/bwgcolman-radio,,0
au C91.3 FM,au_C91.3_FM,Commercial2,0,https://www.radio-australia.org/c913-fm,,0
au CADA,au_CADA,Commercial2,0,https://www.radio-australia.org/cada,,0
au Cairns FM 89.1,au_Cairns_FM_89.1,Commercial2,0,https://www.radio-australia.org/cairns-fm-891,,0
au Camglen Radio,au_Camglen_Radio,Commercial2,0,https://www.radio-australia.org/camglen-radio,,0
au Capital Community Radio 101.7 FM,au_Capital_Community_Radio_101.7_FM,Commercial2,0,https://www.radio-australia.org/capital-community-radio-1017-fm,,0
au Capital Country Radio,au_Capital_Country_Radio,Commercial2,0,https://www.radio-australia.org/capital-country-radio,,0
au Casey Radio 97.7 FM,au_Casey_Radio_97.7_FM,Commercial2,0,https://www.radio-australia.org/casey-radio-977-fm,,0
au Central Coast Radio,au_Central_Coast_Radio,Commercial2,0,https://www.radio-australia.org/central-coast-radiocom,,0
au Cherri Sydney,au_Cherri_Sydney,Commercial2,0,https://www.radio-australia.org/cherri-sydney,,0
au Chill With Starter,au_Chill_With_Starter,Commercial2,0,https://www.radio-australia.org/myfm-sydney,,0
au Chilli 90.1 FM,au_Chilli_90.1_FM,Commercial2,0,https://www.radio-australia.org/chilli-901-fm,,0
au Christmas Hope,au_Christmas_Hope,Commercial2,0,https://www.radio-australia.org/christmas-hope,,0
au Classic 87.6 FM,au_Classic_87.6_FM,Commercial2,0,https://www.radio-australia.org/classic-876-fm,,0
au Classic Rock Radio Net FM,au_Classic_Rock_Radio_Net_FM,Commercial2,0,https://www.radio-australia.org/classic-rock-radio-net-fm,,0
au CMS FM 91.1,au_CMS_FM_91.1,Commercial2,0,https://www.radio-australia.org/cms1-canberra-multicultural-service,,0
au Coast 2 Coast Radio Australia,au_Coast_2_Coast_Radio_Australia,Commercial2,0,https://www.radio-australia.org/coast-2-coast-radio-australia,,0
au Coast FM 96.3,au_Coast_FM_96.3,Commercial2,0,https://www.radio-australia.org/coast-fm-963,,0
au Coast FM Adelaide,au_Coast_FM_Adelaide,Commercial2,0,https://www.radio-australia.org/coast-fm-adelaide,,0
au Coast Live 97.3 FM,au_Coast_Live_97.3_FM,Commercial2,0,https://www.radio-australia.org/coast-live,,0
au Coles Radio,au_Coles_Radio,Commercial2,0,https://www.radio-australia.org/coles-radio-new-south-wales,,0
au Coles Radio - Northern Territory,au_Coles_Radio_-_Northern_Territory,Commercial2,0,https://www.radio-australia.org/coles-radio-northern-territory,,0
au Coles Radio - Queensland,au_Coles_Radio_-_Queensland,Commercial2,0,https://www.radio-australia.org/coles-radio-queensland,,0
au Coles Radio - South Australia,au_Coles_Radio_-_South_Australia,Commercial2,0,https://www.radio-australia.org/coles-radio-south-australia,,0
au Coles Radio - Tasmania,au_Coles_Radio_-_Tasmania,Commercial2,0,https://www.radio-australia.org/coles-radio-tasmania,,0
au Coles Radio - Victoria,au_Coles_Radio_-_Victoria,Commercial2,0,https://www.radio-australia.org/coles-radio-victoria,,0
au Coles Radio - Western Australia,au_Coles_Radio_-_Western_Australia,Commercial2,0,https://www.radio-australia.org/coles-radio-western-australia,,0
au Collie Community Radio,au_Collie_Community_Radio,Commercial2,0,https://www.radio-australia.org/collie-community-radio,,0
au Come Alive Radio,au_Come_Alive_Radio,Commercial2,0,https://www.radio-australia.org/come-alive-radio,,0
au Community Radio 4YOU,au_Community_Radio_4YOU,Commercial2,0,https://www.radio-australia.org/4you-985-fm,,0
au Connect 100.9 FM,au_Connect_100.9_FM,Commercial2,0,https://www.radio-australia.org/connect-1009-fm,,0
au Copperpipe Radio,au_Copperpipe_Radio,Commercial2,0,https://www.radio-australia.org/copperpipe-radio,,0
au Coral Coast Radio 94.7,au_Coral_Coast_Radio_94.7,Commercial2,0,https://www.radio-australia.org/coral-coast-radio-947,,0
au CRC Radio - XRN Australia,au_CRC_Radio_-_XRN_Australia,Commercial2,0,https://www.radio-australia.org/crc-radio,,0
au Crete Radio,au_Crete_Radio,Commercial2,0,https://www.radio-australia.org/crete-radio,,0
au Crow FM,au_Crow_FM,Commercial2,0,https://www.radio-australia.org/crow-fm,,0
au Cruise 1323 Adelaide,au_Cruise_1323_Adelaide,Commercial2,0,https://www.radio-australia.org/cruise-1323-adelaide,,0
au Curtin FM,au_Curtin_FM,Commercial2,0,https://www.radio-australia.org/curtin-fm,,0
au CW Remix,au_CW_Remix,Commercial2,0,https://www.radio-australia.org/cw-remix,,0
au DCFM 88.9,au_DCFM_88.9,Commercial2,0,https://www.radio-australia.org/dcfm-889,,0
au DEEJAYY'S MATES MIX,au_DEEJAYY'S_MATES_MIX,Commercial2,0,https://www.radio-australia.org/deejayys-mates-mix,,0
au Denmark FM,au_Denmark_FM,Commercial2,0,https://www.radio-australia.org/denmark-fm,,0
au Disco Rhythm,au_Disco_Rhythm,Commercial2,0,https://www.radio-australia.org/disco-rhythm,,0
au Divina FM,au_Divina_FM,Commercial2,0,https://www.radio-australia.org/divina-fm,,0
au Divine Truth Radio,au_Divine_Truth_Radio,Commercial2,0,https://www.radio-australia.org/divine-truth-radio,,0
au DJ Rastas Radio,au_DJ_Rastas_Radio,Commercial2,0,https://www.radio-australia.org/dj-rastas-radio,,0
au Djerdan Poetry Radio,au_Djerdan_Poetry_Radio,Commercial2,0,https://www.radio-australia.org/djerdan-poetry-radio,,0
au DJPJ2020,au_DJPJ2020,Commercial2,0,https://www.radio-australia.org/djpj2020,,0
au DooshFM,au_DooshFM,Commercial2,0,https://www.radio-australia.org/dooshfm,,0
au Douglas FM,au_Douglas_FM,Commercial2,0,https://www.radio-australia.org/douglas-fm,,0
au DropFM,au_DropFM,Commercial2,0,https://www.radio-australia.org/drop-fm,,0
au Eagle FM,au_Eagle_FM,Commercial2,0,https://www.radio-australia.org/eagle-fm,,0
au Eastside Radio 89.7 FM,au_Eastside_Radio_89.7_FM,Commercial2,0,https://www.radio-australia.org/eastside-radio-897-fm,,0
au EDGE 93.7 FM - Bega Valley Community Radio,au_EDGE_93.7_FM_-_Bega_Valley_Community_Radio,Commercial2,0,https://www.radio-australia.org/edge-bega-valley-community-radio-937-fm,,0
au Edtalk Radio,au_Edtalk_Radio,Commercial2,0,https://www.radio-australia.org/edtalk-radio,,0
au EMFM 104.7 FM,au_EMFM_104.7_FM,Commercial2,0,https://www.radio-australia.org/emfm-1047-fm,,0
au Exigone,au_Exigone,Commercial2,0,https://www.radio-australia.org/exigone2,,0
au Faith FM,au_Faith_FM,Commercial2,0,https://www.radio-australia.org/faith-fm,,0
au FBi Radio 94.5 FM,au_FBi_Radio_94.5_FM,Commercial2,0,https://www.radio-australia.org/fbi-radio-945-fm,,0
au FCA Radio Djerdan,au_FCA_Radio_Djerdan,Commercial2,0,https://www.radio-australia.org/fca-radio-djerdan,,0
au First Nations Radio,au_First_Nations_Radio,Commercial2,0,https://www.radio-australia.org/first-nations-radio,,0
au FIVEAA,au_FIVEAA,Commercial2,0,https://www.radio-australia.org/fiveaa,,0
au Fleurieu FM,au_Fleurieu_FM,Commercial2,0,https://www.radio-australia.org/fleurieu-fm,,0
au Format 3 - XRN Australia,au_Format_3_-_XRN_Australia,Commercial2,0,https://www.radio-australia.org/format-3,,0
au Fraser Coast FM,au_Fraser_Coast_FM,Commercial2,0,https://www.radio-australia.org/fraser-coast-fm,,0
au Fraser Coast Tourist,au_Fraser_Coast_Tourist,Commercial2,0,https://www.radio-australia.org/fraser-coast-tourist,,0
au Fred Film Radio - Extra,au_Fred_Film_Radio_-_Extra,Commercial2,0,https://www.radio-australia.org/fred-film-radio-extra,,0
au Free Angel 898,au_Free_Angel_898,Commercial2,0,https://www.radio-australia.org/free-angel-898,,0
au Free FM Rock Austral,au_Free_FM_Rock_Austral,Commercial2,0,https://www.radio-australia.org/free-fm-rock-austral,,0
au Fresh 92.7 FM,au_Fresh_92.7_FM,Commercial2,0,https://www.radio-australia.org/fresh-fm,,0
au Fresh FM 87.6,au_Fresh_FM_87.6,Commercial2,0,https://www.radio-australia.org/fresh-fm-876,,0
au Freshest Radio,au_Freshest_Radio,Commercial2,0,https://www.radio-australia.org/freshest-radio,,0
au Frontiers of Space,au_Frontiers_of_Space,Commercial2,0,https://www.radio-australia.org/starter-fm-chill,,0
au FSJ Radio - XRN Australia,au_FSJ_Radio_-_XRN_Australia,Commercial2,0,https://www.radio-australia.org/fsj-radio,,0
au Funky Kids Radio,au_Funky_Kids_Radio,Commercial2,0,https://www.radio-australia.org/funky-kids-radio,,0
au GEM FM,au_GEM_FM,Commercial2,0,https://www.radio-australia.org/gem-fm,,0
au Gippsland FM,au_Gippsland_FM,Commercial2,0,https://www.radio-australia.org/gippsland-fm,,0
au Gold 101.7 FM,au_Gold_101.7_FM,Commercial2,0,https://www.radio-australia.org/gold,,0
au Gold 104.3 FM,au_Gold_104.3_FM,Commercial2,0,https://www.radio-australia.org/gold-1043,,0
au GOLD 87.6,au_GOLD_87.6,Commercial2,0,https://www.radio-australia.org/the-greatest-hits,,0
au Gold Central Victoria,au_Gold_Central_Victoria,Commercial2,0,https://www.radio-australia.org/gold-central-victoria,,0
au Gold MX,au_Gold_MX,Commercial2,0,https://www.radio-australia.org/gold-mx,,0
au Good News Radio FM,au_Good_News_Radio_FM,Commercial2,0,https://www.radio-australia.org/good-news-radio-fm,,0
au Great Lakes FM 101.5,au_Great_Lakes_FM_101.5,Commercial2,0,https://www.radio-australia.org/great-lakes-fm-1015,,0
au Great Southern FM,au_Great_Southern_FM,Commercial2,0,https://www.radio-australia.org/radio-great-southern,,0
au Gurbani Kirtan Radio,au_Gurbani_Kirtan_Radio,Commercial2,0,https://www.radio-australia.org/gurbani-kirtan-radio,,0
au Happy FM,au_Happy_FM,Commercial2,0,https://www.radio-australia.org/happy-fm,,0
au Harman Radio,au_Harman_Radio,Commercial2,0,https://www.radio-australia.org/harman-radio,,0
au Harmony FM,au_Harmony_FM,Commercial2,0,https://www.radio-australia.org/harmony-fm,,0
au Harvey Community Radio,au_Harvey_Community_Radio,Commercial2,0,https://www.radio-australia.org/harvey-community-radio,,0
au Hawkesbury Radio,au_Hawkesbury_Radio,Commercial2,0,https://www.radio-australia.org/hawkesbury-radio,,0
au Healing & Relaxation Music by Dr. J. James,au_Healing_&_Relaxation_Music_by_Dr._J._James,Commercial2,0,https://www.radio-australia.org/healing-music-by-dr-j-james,,0
au Hellenic Radio 1683 AM,au_Hellenic_Radio_1683_AM,Commercial2,0,https://www.radio-australia.org/greek-radio-of-australia-1683-am,,0
au Heritage FM,au_Heritage_FM,Commercial2,0,https://www.radio-australia.org/heritage-fm,,0
au Highfields FM 87.6,au_Highfields_FM_87.6,Commercial2,0,https://www.radio-australia.org/highfields-fm-876,,0
au Highland FM,au_Highland_FM,Commercial2,0,https://www.radio-australia.org/highland-fm,,0
au Highway 61 Internet Radio,au_Highway_61_Internet_Radio,Commercial2,0,https://www.radio-australia.org/highway-61-internet-radio,,0
au Hit 91.9 Bendigo,au_Hit_91.9_Bendigo,Commercial2,0,https://www.radio-australia.org/hit-919-bendigo,,0
au Hit FM 104.7,au_Hit_FM_104.7,Commercial2,0,https://www.radio-australia.org/hit-fm-1047,,0
au Hit101.3 Central Coast,au_Hit101.3_Central_Coast,Commercial2,0,https://www.radio-australia.org/sea-fm-central-coast,,0
au HiTS 93.5,au_HiTS_93.5,Commercial2,0,https://www.radio-australia.org/hits-935,,0
au Hitz 939,au_Hitz_939,Commercial2,0,https://www.radio-australia.org/hitz-939-fm,,0
au Hobart FM,au_Hobart_FM,Commercial2,0,https://www.radio-australia.org/hobart-fm,,0
au Hope 103.2 - Fresh Radio,au_Hope_103.2_-_Fresh_Radio,Commercial2,0,https://www.radio-australia.org/hope-1032-fresh-radio,,0
au Hope 103.2 FM,au_Hope_103.2_FM,Commercial2,0,https://www.radio-australia.org/hope-1032,,0
au Hope St. Radio,au_Hope_St._Radio,Commercial2,0,https://www.radio-australia.org/hope-st-radio2,,0
au Hot 91.1 FM,au_Hot_91.1_FM,Commercial2,0,https://www.radio-australia.org/hot-911,,0
au Hot100 Darwin,au_Hot100_Darwin,Commercial2,0,https://www.radio-australia.org/hot100-darwin,,0
au Huon and Kingston FM,au_Huon_and_Kingston_FM,Commercial2,0,https://www.radio-australia.org/huon-and-kingston-fm,,0
au HVDR Classic Hits,au_HVDR_Classic_Hits,Commercial2,0,https://www.radio-australia.org/hvdr-classic-hits,,0
au HVDR Country,au_HVDR_Country,Commercial2,0,https://www.radio-australia.org/hvdr-country,,0
au i98 FM,au_i98_FM,Commercial2,0,https://www.radio-australia.org/i98fm,,0
au IMC Country Radio,au_IMC_Country_Radio,Commercial2,0,https://www.radio-australia.org/imc-country-radio,,0
au Indian Link Radio,au_Indian_Link_Radio,Commercial2,0,https://www.radio-australia.org/indian-link,,0
au Inner FM 96.5,au_Inner_FM_96.5,Commercial2,0,https://www.radio-australia.org/inner-fm-965,,0
au Inspire Digital by Hope,au_Inspire_Digital_by_Hope,Commercial2,0,https://www.radio-australia.org/hope-1032-inspire-digital,,0
au Island FM Whitsundays,au_Island_FM_Whitsundays,Commercial2,0,https://www.radio-australia.org/island-fm-whitsundays,,0
au ItaliaFm1,au_ItaliaFm1,Commercial2,0,https://www.radio-australia.org/italia-fm,,0
au ItaliaFm2,au_ItaliaFm2,Commercial2,0,https://www.radio-australia.org/italiafm-2,,0
au It's 70s,au_It's_70s,Commercial2,0,https://www.radio-australia.org/its-70s,,0
au It's 80s,au_It's_80s,Commercial2,0,https://www.radio-australia.org/its-80s,,0
au It's Chill,au_It's_Chill,Commercial2,0,https://www.radio-australia.org/its-chill,,0
au iYaliSai Devotional,au_iYaliSai_Devotional,Commercial2,0,https://www.radio-australia.org/iyalisai-devotional,,0
au iYaliSai Tamil Radio இயலிசை,au_iYaliSai_Tamil_Radio_இயலிசை,Commercial2,0,https://www.radio-australia.org/iyalisai-tamil-radio-iylicai,,0
au J-AIR,au_J-AIR,Commercial2,0,https://www.radio-australia.org/j-air,,0
au Jeremy Cordeaux 24v7,au_Jeremy_Cordeaux_24v7,Commercial2,0,https://www.radio-australia.org/jeremy-cordeaux-247,,0
au JOY 94.9 FM,au_JOY_94.9_FM,Commercial2,0,https://www.radio-australia.org/joy-949-fm,,0
au Juice 107.3 FM,au_Juice_107.3_FM,Commercial2,0,https://www.radio-australia.org/juice-1073-fm,,0
au Katherine Radio,au_Katherine_Radio,Commercial2,0,https://www.radio-australia.org/8ktr-katherine-community-radio,,0
au KCR FM - Kalamunda Community Radio,au_KCR_FM_-_Kalamunda_Community_Radio,Commercial2,0,https://www.radio-australia.org/kalamunda-community-radio-kcr,,0
au KIIS 101.1 Melbourne,au_KIIS_101.1_Melbourne,Commercial2,0,https://www.radio-australia.org/kiis-1011,,0
au KIIS 106.5 FM,au_KIIS_106.5_FM,Commercial2,0,https://www.radio-australia.org/kiis-1065,,0
au KIIS 97.3 FM,au_KIIS_97.3_FM,Commercial2,0,https://www.radio-australia.org/973-fm,,0
au Kiss FM 87.6,au_Kiss_FM_87.6,Commercial2,0,https://www.radio-australia.org/kiss-fm,,0
au Kix Country,au_Kix_Country,Commercial2,0,https://www.radio-australia.org/kix-country,,0
au KOOOL Digital,au_KOOOL_Digital,Commercial2,0,https://www.radio-australia.org/koool,,0
au Koori Radio,au_Koori_Radio,Commercial2,0,https://www.radio-australia.org/koori-radio,,0
au K-Rock 95.5 FM,au_K-Rock_95.5_FM,Commercial2,0,https://www.radio-australia.org/krock,,0
au KRR 98.7 FM,au_KRR_98.7_FM,Commercial2,0,https://www.radio-australia.org/krr-987-fm,,0
au LAFM 89.3 FM,au_LAFM_89.3_FM,Commercial2,0,https://www.radio-australia.org/lafm-893-fm,,0
au Lake Macquarie FM,au_Lake_Macquarie_FM,Commercial2,0,https://www.radio-australia.org/lake-macquarie-fm,,0
au Latinos FM Australia,au_Latinos_FM_Australia,Commercial2,0,https://www.radio-australia.org/latinos-fm-australia,,0
au Lava Lounge Radio Australia,au_Lava_Lounge_Radio_Australia,Commercial2,0,https://www.radio-australia.org/lava-lounge-radio-australia,,0
au Laza Hits,au_Laza_Hits,Commercial2,0,https://www.radio-australia.org/laza-hits,,0
au Life FM 100.1,au_Life_FM_100.1,Commercial2,0,https://www.radio-australia.org/life-fm-1001,,0
au Life One,au_Life_One,Commercial2,0,https://www.radio-australia.org/life-one,,0
au LiQUORiCE.fm,au_LiQUORiCE.fm,Commercial2,0,https://www.radio-australia.org/liquoricefm,,0
au Live Quran Radio,au_Live_Quran_Radio,Commercial2,0,https://www.radio-australia.org/live-quran-radio,,0
au Living Arts Canberra,au_Living_Arts_Canberra,Commercial2,0,https://www.radio-australia.org/living-arts-canberra,,0
au Local Sounds Ballina,au_Local_Sounds_Ballina,Commercial2,0,https://www.radio-australia.org/local-sounds-ballina,,0
au Local Sounds Brisbane,au_Local_Sounds_Brisbane,Commercial2,0,https://www.radio-australia.org/local-sounds-brisbane,,0
au Local Sounds Byron Bay,au_Local_Sounds_Byron_Bay,Commercial2,0,https://www.radio-australia.org/local-sounds-byron-bay,,0
au Local Sounds Darling Downs,au_Local_Sounds_Darling_Downs,Commercial2,0,https://www.radio-australia.org/local-sounds-darling-downs,,0
au Local Sounds Lismore,au_Local_Sounds_Lismore,Commercial2,0,https://www.radio-australia.org/local-sounds-lismore,,0
au Magic 105.9 FM,au_Magic_105.9_FM,Commercial2,0,https://www.radio-australia.org/magic-1059-fm,,0
au Magic 87.6,au_Magic_87.6,Commercial2,0,https://www.radio-australia.org/magic-876,,0
au Magic FM,au_Magic_FM,Commercial2,0,https://www.radio-australia.org/magic-fm,,0
au MAIN 94.9 FM,au_MAIN_94.9_FM,Commercial2,0,https://www.radio-australia.org/main-949-fm,,0
au Massive Chill,au_Massive_Chill,Commercial2,0,https://www.radio-australia.org/massive-chill-radio,,0
au Massive Dance,au_Massive_Dance,Commercial2,0,https://www.radio-australia.org/massive-dance-radio,,0
au Mayhem Radio,au_Mayhem_Radio,Commercial2,0,https://www.radio-australia.org/mayhem-radio,,0
au MBS Light,au_MBS_Light,Commercial2,0,https://www.radio-australia.org/mbs-light,,0
au Melbourne Middle East Radio 87.6 FM,au_Melbourne_Middle_East_Radio_87.6_FM,Commercial2,0,https://www.radio-australia.org/middle-east-radio-melbourne-876-fm,,0
au Ministry of Psalms Radio,au_Ministry_of_Psalms_Radio,Commercial2,0,https://www.radio-australia.org/ministry-of-psalms-radio,,0
au MITE Radio,au_MITE_Radio,Commercial2,0,https://www.radio-australia.org/mite-radio,,0
au Mix 102.3 FM,au_Mix_102.3_FM,Commercial2,0,https://www.radio-australia.org/mix-1023,,0
au Mix 104.9 FM,au_Mix_104.9_FM,Commercial2,0,https://www.radio-australia.org/mix-1049-fm,,0
au Mix 106.3 Canberra,au_Mix_106.3_Canberra,Commercial2,0,https://www.radio-australia.org/mix-1063,,0
au Moonshine Radio,au_Moonshine_Radio,Commercial2,0,https://www.radio-australia.org/moonshine-radio,,0
au Mordy Stream,au_Mordy_Stream,Commercial2,0,https://www.radio-australia.org/air-news,,0
au Move FM,au_Move_FM,Commercial2,0,https://www.radio-australia.org/move-fm,,0
au MTM 91.9 FM,au_MTM_91.9_FM,Commercial2,0,https://www.radio-australia.org/mtm-919-fm,,0
au MUSIC LOVER,au_MUSIC_LOVER,Commercial2,0,https://www.radio-australia.org/music-lover,,0
au Muslim Community Radio 92.1 FM,au_Muslim_Community_Radio_92.1_FM,Commercial2,0,https://www.radio-australia.org/muslim-community-radio-921-fm,,0
au MVFM 96.9,au_MVFM_96.9,Commercial2,0,https://www.radio-australia.org/mvfm-969,,0
au My Life FM,au_My_Life_FM,Commercial2,0,https://www.radio-australia.org/my-life-fm,,0
au My105.9 FM,au_My105.9_FM,Commercial2,0,https://www.radio-australia.org/my-105-fm,,0
au My88,au_My88,Commercial2,0,https://www.radio-australia.org/my88,,0
au MyKissFM,au_MyKissFM,Commercial2,0,https://www.radio-australia.org/mykissfm,,0
au New Contemporary Music,au_New_Contemporary_Music,Commercial2,0,https://www.radio-australia.org/contemporary-classical,,0
au Newcastle Live,au_Newcastle_Live,Commercial2,0,https://www.radio-australia.org/newcastle-live,,0
au Newy 87.8 FM Newcastle,au_Newy_87.8_FM_Newcastle,Commercial2,0,https://www.radio-australia.org/newy-878-fm-newcastle,,0
au Nightride FM,au_Nightride_FM,Commercial2,0,https://www.radio-australia.org/nightride-fm,,0
au NimFM 102.3,au_NimFM_102.3,Commercial2,0,https://www.radio-australia.org/nim-fm-1023,,0
au NIRS,au_NIRS,Commercial2,0,https://www.radio-australia.org/nirs,,0
au Nithya Jeevan,au_Nithya_Jeevan,Commercial2,0,https://www.radio-australia.org/nithya-jeevan,,0
au Noise FM,au_Noise_FM,Commercial2,0,https://www.radio-australia.org/noise-fm,,0
au Noongar Radio,au_Noongar_Radio,Commercial2,0,https://www.radio-australia.org/noongar-radio,,0
au Noosa FM,au_Noosa_FM,Commercial2,0,https://www.radio-australia.org/noosa-fm,,0
au North West FM 98.9,au_North_West_FM_98.9,Commercial2,0,https://www.radio-australia.org/north-west-fm-989,,0
au Northside Radio,au_Northside_Radio,Commercial2,0,https://www.radio-australia.org/northside-radio,,0
au Nova 100,au_Nova_100,Commercial2,0,https://www.radio-australia.org/nova-100,,0
au Nova 106.9,au_Nova_106.9,Commercial2,0,https://www.radio-australia.org/nova-1069,,0
au Nova 919,au_Nova_919,Commercial2,0,https://www.radio-australia.org/nova-919,,0
au Nova 93.7,au_Nova_93.7,Commercial2,0,https://www.radio-australia.org/nova-937,,0
au Nova 96.9,au_Nova_96.9,Commercial2,0,https://www.radio-australia.org/nova-969,,0
au Nova Fresh Country,au_Nova_Fresh_Country,Commercial2,0,https://www.radio-australia.org/nova-fresh-country,,0
au Nova Jamz,au_Nova_Jamz,Commercial2,0,https://www.radio-australia.org/nova-jamz,,0
au Nova Nation,au_Nova_Nation,Commercial2,0,https://www.radio-australia.org/nova-nation,,0
au Nova Throwbacks,au_Nova_Throwbacks,Commercial2,0,https://www.radio-australia.org/nova-throwbacks,,0
au NTRT - No Talk Radio Terrigal,au_NTRT_-_No_Talk_Radio_Terrigal,Commercial2,0,https://www.radio-australia.org/ntrt-no-talk-radio-terrigal,,0
au OCR FM,au_OCR_FM,Commercial2,0,https://www.radio-australia.org/ocr-fm,,0
au One FM 98.5,au_One_FM_98.5,Commercial2,0,https://www.radio-australia.org/one-985-fm,,0
au OnionUnlimited,au_OnionUnlimited,Commercial2,0,https://www.radio-australia.org/onionunlimited,,0
au ORK FM,au_ORK_FM,Commercial2,0,https://www.radio-australia.org/ork-fm,,0
au Outback Radio 2WEB,au_Outback_Radio_2WEB,Commercial2,0,https://www.radio-australia.org/2web-outback-radio-585-am,,0
au Oz Radio GOLD,au_Oz_Radio_GOLD,Commercial2,0,https://www.radio-australia.org/oz-radio-gold,,0
au Oz Urban Radio,au_Oz_Urban_Radio,Commercial2,0,https://www.radio-australia.org/oz-urban-radio,,0
au OzNow Radio,au_OzNow_Radio,Commercial2,0,https://www.radio-australia.org/oznow-radio,,0
au PAKAM,au_PAKAM,Commercial2,0,https://www.radio-australia.org/pakam,,0
au Paradise FM,au_Paradise_FM,Commercial2,0,https://www.radio-australia.org/paradise-fm,,0
au Party Shack Radio - Sounds of the 50s & 60s,au_Party_Shack_Radio_-_Sounds_of_the_50s_&_60s,Commercial2,0,https://www.radio-australia.org/party-shack-radio-sounds-of-the-50s-60s,,0
au PBA-FM 89.7 Adelaide,au_PBA-FM_89.7_Adelaide,Commercial2,0,https://www.radio-australia.org/pba-fm-897-adelaide,,0
au PBS 106.7 FM,au_PBS_106.7_FM,Commercial2,0,https://www.radio-australia.org/pbs-fm,,0
au PHAZE 80's,au_PHAZE_80's,Commercial2,0,https://www.radio-australia.org/phaze80s,,0
au PHAZE 90's,au_PHAZE_90's,Commercial2,0,https://www.radio-australia.org/phaze-90s,,0
au PHAZE Country 87.6,au_PHAZE_Country_87.6,Commercial2,0,https://www.radio-australia.org/phaze-country-876,,0
au PHAZE DFR 88.0,au_PHAZE_DFR_88.0,Commercial2,0,https://www.radio-australia.org/phaze-dfr-880,,0
au PHAZE Eazy,au_PHAZE_Eazy,Commercial2,0,https://www.radio-australia.org/phaze-eazy,,0
au PHAZE FM,au_PHAZE_FM,Commercial2,0,https://www.radio-australia.org/phaze-fm,,0
au PHAZE Rock,au_PHAZE_Rock,Commercial2,0,https://www.radio-australia.org/phaze-rock,,0
au Phoenix Airwaves,au_Phoenix_Airwaves,Commercial2,0,https://www.radio-australia.org/phoenix-airwaves,,0
au Phoenix FM,au_Phoenix_FM,Commercial2,0,https://www.radio-australia.org/phoenix-fm,,0
au Physical Radio,au_Physical_Radio,Commercial2,0,https://www.radio-australia.org/physical-radio,,0
au PLANET PUNK RADIO,au_PLANET_PUNK_RADIO,Commercial2,0,https://www.radio-australia.org/planet-punk-radio,,0
au PlasticAge Radio,au_PlasticAge_Radio,Commercial2,0,https://www.radio-australia.org/plastic-age-radio,,0
au Plenty Valley 88.6 FM,au_Plenty_Valley_88.6_FM,Commercial2,0,https://www.radio-australia.org/plenty-valley-886-fm,,0
au PopRock Country,au_PopRock_Country,Commercial2,0,https://www.radio-australia.org/poprock-country,,0
au Poprock Radio,au_Poprock_Radio,Commercial2,0,https://www.radio-australia.org/poprock-radio,,0
au Port Stephens FM,au_Port_Stephens_FM,Commercial2,0,https://www.radio-australia.org/port-stephens-fm,,0
au Positive91FIVE,au_Positive91FIVE,Commercial2,0,https://www.radio-australia.org/cooloola-christian-radio,,0
au Power 100 FM,au_Power_100_FM,Commercial2,0,https://www.radio-australia.org/power-100-fm,,0
au Power Country FM,au_Power_Country_FM,Commercial2,0,https://www.radio-australia.org/power-country-fm,,0
au Power FM,au_Power_FM,Commercial2,0,https://www.radio-australia.org/powerfm,,0
au Power FM 94.9,au_Power_FM_94.9,Commercial2,0,https://www.radio-australia.org/power-fm-949,,0
au Power FM 98.1,au_Power_FM_98.1,Commercial2,0,https://www.radio-australia.org/power-fm-981,,0
au Power FM Ballarat,au_Power_FM_Ballarat,Commercial2,0,https://www.radio-australia.org/power-fm-ballarat,,0
au Power FM Bega Bay,au_Power_FM_Bega_Bay,Commercial2,0,https://www.radio-australia.org/power-fm-bega-bay,,0
au Prime Radio,au_Prime_Radio,Commercial2,0,https://www.radio-australia.org/wa-radio-network,,0
au Prime Radio,au_Prime_Radio,Commercial2,0,https://www.radio-australia.org/edge-variety-radio-western-australia,,0
au Print Radio Tasmania,au_Print_Radio_Tasmania,Commercial2,0,https://www.radio-australia.org/print-radio-tasmania,,0
au Pulse 94.1 FM,au_Pulse_94.1_FM,Commercial2,0,https://www.radio-australia.org/pulse-941-fm,,0
au PumpFM,au_PumpFM,Commercial2,0,https://www.radio-australia.org/pumpfm,,0
au Punto Latino Sydney,au_Punto_Latino_Sydney,Commercial2,0,https://www.radio-australia.org/punto-latino-sydney,,0
au Pure Hits FRESH,au_Pure_Hits_FRESH,Commercial2,0,https://www.radio-australia.org/pure-hits-fresh,,0
au Pure Hits RETRO,au_Pure_Hits_RETRO,Commercial2,0,https://www.radio-australia.org/pure-hits-retro,,0
au PY MEDIA,au_PY_MEDIA,Commercial2,0,https://www.radio-australia.org/py-media,,0
au QBN 96.7 FM,au_QBN_96.7_FM,Commercial2,0,https://www.radio-australia.org/qbn-967-fm,,0
au Qeenatha Assyrian Radio,au_Qeenatha_Assyrian_Radio,Commercial2,0,https://www.radio-australia.org/qeenatha-assyrian-radio,,0
au QRAM - Black Star Radio,au_QRAM_-_Black_Star_Radio,Commercial2,0,https://www.radio-australia.org/qram-black-star-radio,,0
au Queensland Fire and Emergency Service - North Coast Firecom,au_Queensland_Fire_and_Emergency_Service_-_North_Coast_Firecom,Commercial2,0,https://www.radio-australia.org/se-queensland-north-coast-firecom,,0
au Radi0888,au_Radi0888,Commercial2,0,https://www.radio-australia.org/radi0888,,0
au RadicalFM - Classic Hits,au_RadicalFM_-_Classic_Hits,Commercial2,0,https://www.radio-australia.org/radicalfm-classic-hits,,0
au Radio 1629 AM Newcastle,au_Radio_1629_AM_Newcastle,Commercial2,0,https://www.radio-australia.org/radio-1629-am-newcastle,,0
au Radio 1RPH,au_Radio_1RPH,Commercial2,0,https://www.radio-australia.org/radio-1rph,,0
au Radio 2CBD FM,au_Radio_2CBD_FM,Commercial2,0,https://www.radio-australia.org/radio-2cbd,,0
au Radio 2DD,au_Radio_2DD,Commercial2,0,https://www.radio-australia.org/radio-2dd,,0
au Radio 2ST,au_Radio_2ST,Commercial2,0,https://www.radio-australia.org/radio-2st,,0
au Radio 3BA,au_Radio_3BA,Commercial2,0,https://www.radio-australia.org/radio-3ba,,0
au Radio 4NAG,au_Radio_4NAG,Commercial2,0,https://www.radio-australia.org/radio-4nag,,0
au Radio 531 3GG,au_Radio_531_3GG,Commercial2,0,https://www.radio-australia.org/radio-531-3gg,,0
au Radio 567 - XRN Australia,au_Radio_567_-_XRN_Australia,Commercial2,0,https://www.radio-australia.org/radio-567-xrn-australia,,0
au Radio Adelaide 101.5 FM,au_Radio_Adelaide_101.5_FM,Commercial2,0,https://www.radio-australia.org/radio-adelaide-1015-fm,,0
au Radio Austral,au_Radio_Austral,Commercial2,0,https://www.radio-australia.org/radio-austral2,,0
au Radio Austrália Live Brasil,au_Radio_Austrália_Live_Brasil,Commercial2,0,https://www.radio-australia.org/radio-australia-live-brasil,,0
au Radio Blues Djerdan,au_Radio_Blues_Djerdan,Commercial2,0,https://www.radio-australia.org/radio-blues-djerdan,,0
au Radio Brisvaani 1701 AM,au_Radio_Brisvaani_1701_AM,Commercial2,0,https://www.radio-australia.org/brisvaani-radio,,0
au Radio Carrum,au_Radio_Carrum,Commercial2,0,https://www.radio-australia.org/radio-carrum,,0
au Radio Control,au_Radio_Control,Commercial2,0,https://www.radio-australia.org/nz/radio-control,,0
au Radio Dismuke,au_Radio_Dismuke,Commercial2,0,https://www.radio-australia.org/radio-dismuke,,0
au Radio Djerdan,au_Radio_Djerdan,Commercial2,0,https://www.radio-australia.org/djerdan-holophrasis,,0
au Radio Doriforos,au_Radio_Doriforos,Commercial2,0,https://www.radio-australia.org/radio-doriforos,,0
au Radio Dungog,au_Radio_Dungog,Commercial2,0,https://www.radio-australia.org/radio-dungog,,0
au Radio East Gippsland,au_Radio_East_Gippsland,Commercial2,0,https://www.radio-australia.org/radio-east-gippsland,,0
au Radio Eastern FM,au_Radio_Eastern_FM,Commercial2,0,https://www.radio-australia.org/radio-eastern-fm,,0
au Radio Eastern FM,au_Radio_Eastern_FM,Commercial2,0,https://www.radio-australia.org/radio-eastern-fm2,,0
au Radio ENA,au_Radio_ENA,Commercial2,0,https://www.radio-australia.org/radio-ena,,0
au Radio Ena XTRA,au_Radio_Ena_XTRA,Commercial2,0,https://www.radio-australia.org/radio-ena-xtra,,0
au Radio Five-O-Plus 93.3 FM,au_Radio_Five-O-Plus_93.3_FM,Commercial2,0,https://www.radio-australia.org/radio-five-o-plus-933-fm,,0
au Radio FM88 Australia,au_Radio_FM88_Australia,Commercial2,0,https://www.radio-australia.org/radio-fm-88,,0
au Radio Fremantle,au_Radio_Fremantle,Commercial2,0,https://www.radio-australia.org/radio-fremantle,,0
au Radio Geraldton,au_Radio_Geraldton,Commercial2,0,https://www.radio-australia.org/radio-geraldton,,0
au Radio Goolarri 99.7 FM,au_Radio_Goolarri_99.7_FM,Commercial2,0,https://www.radio-australia.org/radio-goolarri-997-fm,,0
au Radio Iliria,au_Radio_Iliria,Commercial2,0,https://www.radio-australia.org/radio-iliria,,0
au Radio Italian Music,au_Radio_Italian_Music,Commercial2,0,https://www.radio-australia.org/radio-italian-music,,0
au Radio Kasoot,au_Radio_Kasoot,Commercial2,0,https://www.radio-australia.org/radio-kasoot,,0
au Radio KLFM,au_Radio_KLFM,Commercial2,0,https://www.radio-australia.org/radio-klfm,,0
au Radio KSA,au_Radio_KSA,Commercial2,0,https://www.radio-australia.org/radio-ksa,,0
au Radio Larrakia,au_Radio_Larrakia,Commercial2,0,https://www.radio-australia.org/radio-larrakia,,0
au Radio MAMA,au_Radio_MAMA,Commercial2,0,https://www.radio-australia.org/radio-mama,,0
au Radio Mansfield,au_Radio_Mansfield,Commercial2,0,https://www.radio-australia.org/radio-mansfield,,0
au Radio Melodia Adelaide,au_Radio_Melodia_Adelaide,Commercial2,0,https://www.radio-australia.org/melodia-adelaide,,0
au Radio Metro,au_Radio_Metro,Commercial2,0,https://www.radio-australia.org/radio-metro,,0
au Radio Metropolitana Australia,au_Radio_Metropolitana_Australia,Commercial2,0,https://www.radio-australia.org/radio-metropolitana-australia,,0
au Radio Newmarket,au_Radio_Newmarket,Commercial2,0,https://www.radio-australia.org/radio-newmarket,,0
au Radio Northern Beaches,au_Radio_Northern_Beaches,Commercial2,0,https://www.radio-australia.org/radio-northern-beaches,,0
au Radio Oberlausitz International,au_Radio_Oberlausitz_International,Commercial2,0,https://www.radio-australia.org/radio-oberlausitz,,0
au Radio PCM 99% Pop Non-Stop,au_Radio_PCM_99%_Pop_Non-Stop,Commercial2,0,https://www.radio-australia.org/radio-pcm-99-pop-non-stop,,0
au Radio PCM 99% Total Schlager,au_Radio_PCM_99%_Total_Schlager,Commercial2,0,https://www.radio-australia.org/radio-pcm-99-total-schlager,,0
au Radio PCM Country Goodness,au_Radio_PCM_Country_Goodness,Commercial2,0,https://www.radio-australia.org/radio-pcm-country-goodness,,0
au Radio PCM Hit 2 Remix,au_Radio_PCM_Hit_2_Remix,Commercial2,0,https://www.radio-australia.org/radio-pcm-hit-2-remix,,0
au Radio PVS,au_Radio_PVS,Commercial2,0,https://www.radio-australia.org/radio-pvs,,0
au Radio Rhythm 1053 AM,au_Radio_Rhythm_1053_AM,Commercial2,0,https://www.radio-australia.org/radio-rhythm-1053-am,,0
au Radio Sagar,au_Radio_Sagar,Commercial2,0,https://www.radio-australia.org/radio-sagar,,0
au Radio Skid Row,au_Radio_Skid_Row,Commercial2,0,https://www.radio-australia.org/radio-skid-row,,0
au Radio Springfield City,au_Radio_Springfield_City,Commercial2,0,https://www.radio-australia.org/radio-springfield-city,,0
au Radio Symban FM,au_Radio_Symban_FM,Commercial2,0,https://www.radio-australia.org/radio-symban-fm,,0
au Radio Triple T 103.9 FM,au_Radio_Triple_T_103.9_FM,Commercial2,0,https://www.radio-australia.org/radio-triple-t-1039-fm,,0
au Radio Upper Murray,au_Radio_Upper_Murray,Commercial2,0,https://www.radio-australia.org/radio-upper-murray,,0
au Radio Washroom,au_Radio_Washroom,Commercial2,0,https://www.radio-australia.org/radio-washroom,,0
au Radio WH,au_Radio_WH,Commercial2,0,https://www.radio-australia.org/radio-wh,,0
au Radio Wow - XRN Australia,au_Radio_Wow_-_XRN_Australia,Commercial2,0,https://www.radio-australia.org/radio-wow,,0
au Radio X AU,au_Radio_X_AU,Commercial2,0,https://www.radio-australia.org/radio-x-au,,0
au Radio319.Rock,au_Radio319.Rock,Commercial2,0,https://www.radio-australia.org/radio319rock,,0
au Radio88Castlemaine,au_Radio88Castlemaine,Commercial2,0,https://www.radio-australia.org/radio88castlemaine,,0
au Radio-Australie International,au_Radio-Australie_International,Commercial2,0,https://www.radio-australia.org/radio-australie-international,,0
au RadioRockSolid,au_RadioRockSolid,Commercial2,0,https://www.radio-australia.org/radio-rock-solid,,0
au RadioTAB,au_RadioTAB,Commercial2,0,https://www.radio-australia.org/radiotab,,0
au RAM FM 103.3,au_RAM_FM_103.3,Commercial2,0,https://www.radio-australia.org/ram-fm-1033,,0
au RAT FM,au_RAT_FM,Commercial2,0,https://www.radio-australia.org/rat-fm2,,0
au Raw FM,au_Raw_FM,Commercial2,0,https://www.radio-australia.org/raw-fm,,0
au RDA Radio Dimensione Australia,au_RDA_Radio_Dimensione_Australia,Commercial2,0,https://www.radio-australia.org/rda-radio-dimensione-australia,,0
au Reading Radio,au_Reading_Radio,Commercial2,0,https://www.radio-australia.org/4rph-1296-am,,0
au Real Classic Rock,au_Real_Classic_Rock,Commercial2,0,https://www.radio-australia.org/real-classic-rock,,0
au Rebel FM,au_Rebel_FM,Commercial2,0,https://www.radio-australia.org/rebel-fm,,0
au RePlayScape,au_RePlayScape,Commercial2,0,https://www.radio-australia.org/replayscape,,0
au Retro FM,au_Retro_FM,Commercial2,0,https://www.radio-australia.org/retro-fm,,0
au Retro Stream,au_Retro_Stream,Commercial2,0,https://www.radio-australia.org/retro-stream,,0
au Rhema CC 94.9 FM,au_Rhema_CC_94.9_FM,Commercial2,0,https://www.radio-australia.org/rhema-central-coast-949-fm,,0
au Rhema CC Love 94.9,au_Rhema_CC_Love_94.9,Commercial2,0,https://www.radio-australia.org/rhema-cc-love-949,,0
au Rhema FM 99.7,au_Rhema_FM_99.7,Commercial2,0,https://www.radio-australia.org/rhema-fm-997,,0
au Rhema Wide Bay,au_Rhema_Wide_Bay,Commercial2,0,https://www.radio-australia.org/rhema-wide-bay,,0
au Richmond Valley Radio 88.9 FM,au_Richmond_Valley_Radio_88.9_FM,Commercial2,0,https://www.radio-australia.org/richmond-valley-radio-889-fm,,0
au Rim 100.1 FM,au_Rim_100.1_FM,Commercial2,0,https://www.radio-australia.org/rim-1001-fm,,0
au Riot FM,au_Riot_FM,Commercial2,0,https://www.radio-australia.org/riot-fm,,0
au Ripe Radio,au_Ripe_Radio,Commercial2,0,https://www.radio-australia.org/ripe-radio,,0
au River 1467 AM,au_River_1467_AM,Commercial2,0,https://www.radio-australia.org/river949,,0
au River 94.9 FM,au_River_94.9_FM,Commercial2,0,https://www.radio-australia.org/river-949,,0
au River FM 87.6,au_River_FM_87.6,Commercial2,0,https://www.radio-australia.org/river-fm-876,,0
au River FM 92.9,au_River_FM_92.9,Commercial2,0,https://www.radio-australia.org/river-fm-929,,0
au Road Trip Radio,au_Road_Trip_Radio,Commercial2,0,https://www.radio-australia.org/road-trip-radio,,0
au ROQ FM,au_ROQ_FM,Commercial2,0,https://www.radio-australia.org/roq-fm,,0
au Rose City 89.3 FM,au_Rose_City_89.3_FM,Commercial2,0,https://www.radio-australia.org/rose-city-893-fm,,0
au RSN 927 AM,au_RSN_927_AM,Commercial2,0,https://www.radio-australia.org/rsn,,0
au RTRFM,au_RTRFM,Commercial2,0,https://www.radio-australia.org/rtr-921-fm,,0
au Rythmos,au_Rythmos,Commercial2,0,https://www.radio-australia.org/rythmos,,0
au SA Rock Radio,au_SA_Rock_Radio,Commercial2,0,https://www.radio-australia.org/sa-rock-radio,,0
au Sapphire FM Community Radio,au_Sapphire_FM_Community_Radio,Commercial2,0,https://www.radio-australia.org/sapphire-fm-community-radio,,0
au Sawt El Ghad Australia - Radio 2Moro,au_Sawt_El_Ghad_Australia_-_Radio_2Moro,Commercial2,0,https://www.radio-australia.org/sawtelghad-australia-1620-am,,0
au Sawt Sydney,au_Sawt_Sydney,Commercial2,0,https://www.radio-australia.org/sawt-sydney2,,0
au Sawt Sydney,au_Sawt_Sydney,Commercial2,0,https://www.radio-australia.org/sawt-sydney,,0
au SBS Arabic24,au_SBS_Arabic24,Commercial2,0,https://www.radio-australia.org/sbs-arabic-24,,0
au SBS Chill,au_SBS_Chill,Commercial2,0,https://www.radio-australia.org/sbs-chill,,0
au SBS PopAsia,au_SBS_PopAsia,Commercial2,0,https://www.radio-australia.org/sbs-popasia,,0
au SBS PopDesi,au_SBS_PopDesi,Commercial2,0,https://www.radio-australia.org/sbs-popdesi,,0
au SBS Radio 1,au_SBS_Radio_1,Commercial2,0,https://www.radio-australia.org/sbs-radio-1,,0
au SBS Radio 2,au_SBS_Radio_2,Commercial2,0,https://www.radio-australia.org/sbs-radio-2,,0
au SBS Radio 3,au_SBS_Radio_3,Commercial2,0,https://www.radio-australia.org/sbs-radio-3,,0
au Sea FM Burnie 101.7,au_Sea_FM_Burnie_101.7,Commercial2,0,https://www.radio-australia.org/sea-fm-burnie-1017,,0
au Sea FM Devonport (AU Only),au_Sea_FM_Devonport_(AU_Only),Commercial2,0,https://www.radio-australia.org/sea-fm-devonport,,0
au SEN Sports 1116 AM,au_SEN_Sports_1116_AM,Commercial2,0,https://www.radio-australia.org/sen-1116,,0
au Shack Radio,au_Shack_Radio,Commercial2,0,https://www.radio-australia.org/shack-radio,,0
au Sky News Radio,au_Sky_News_Radio,Commercial2,0,https://www.radio-australia.org/sky-news-radio,,0
au slam! Hobart,au_slam!_Hobart,Commercial2,0,https://www.radio-australia.org/pulse-tasmania,,0
au Smart 99.1 FM,au_Smart_99.1_FM,Commercial2,0,https://www.radio-australia.org/smart-991-fm,,0
au Smooth 80s,au_Smooth_80s,Commercial2,0,https://www.radio-australia.org/smooth-80s,,0
au Smooth Chill,au_Smooth_Chill,Commercial2,0,https://www.radio-australia.org/smooth-chill-australia,,0
au Smooth FM 91.5 Melbourne,au_Smooth_FM_91.5_Melbourne,Commercial2,0,https://www.radio-australia.org/smooth-915,,0
au Smooth FM 95.3 Sydney,au_Smooth_FM_95.3_Sydney,Commercial2,0,https://www.radio-australia.org/smooth-953,,0
au Smooth FM Adelaide,au_Smooth_FM_Adelaide,Commercial2,0,https://www.radio-australia.org/smooth-fm-adelaide,,0
au Smooth FM Brisbane,au_Smooth_FM_Brisbane,Commercial2,0,https://www.radio-australia.org/smooth-fm-brisbane,,0
au Smooth FM Perth,au_Smooth_FM_Perth,Commercial2,0,https://www.radio-australia.org/smooth-fm-perth,,0
au Smooth Relax,au_Smooth_Relax,Commercial2,0,https://www.radio-australia.org/smooth-relax,,0
au Smooth Sailing Radio - Yacht Rock,au_Smooth_Sailing_Radio_-_Yacht_Rock,Commercial2,0,https://www.radio-australia.org/smooth-sailing-radio-yacht-rock,,0
au Smooth Vintage,au_Smooth_Vintage,Commercial2,0,https://www.radio-australia.org/smooth-vintage,,0
au Smoothjazz.Melbourne,au_Smoothjazz.Melbourne,Commercial2,0,https://www.radio-australia.org/smoothjazzmelbourne,,0
au SN Radio,au_SN_Radio,Commercial2,0,https://www.radio-australia.org/tss-that-streaming-show,,0
au Snow FM,au_Snow_FM,Commercial2,0,https://www.radio-australia.org/snow-fm,,0
au softnezee,au_softnezee,Commercial2,0,https://www.radio-australia.org/softnezee,,0
au Sonic Radio.Rocks,au_Sonic_Radio.Rocks,Commercial2,0,https://www.radio-australia.org/sonic-radiorocks,,0
au SOULR,au_SOULR,Commercial2,0,https://www.radio-australia.org/soulr,,0
au Sound of Hope Australia - Cantonese,au_Sound_of_Hope_Australia_-_Cantonese,Commercial2,0,https://www.radio-australia.org/sound-of-hope-australia-cantonese,,0
au Sounds of Macarthur 100.3 FM,au_Sounds_of_Macarthur_100.3_FM,Commercial2,0,https://www.radio-australia.org/sounds-macarthur-1003-fm,,0
au Sounds of the Mountains,au_Sounds_of_the_Mountains,Commercial2,0,https://www.radio-australia.org/sounds-of-the-mountains,,0
au South Coast FM,au_South_Coast_FM,Commercial2,0,https://www.radio-australia.org/3mfm,,0
au Southern FM 88.3,au_Southern_FM_88.3,Commercial2,0,https://www.radio-australia.org/southern-fm-883,,0
au Spiritual Network Radio,au_Spiritual_Network_Radio,Commercial2,0,https://www.radio-australia.org/spiritual-network-radio,,0
au SRA Country,au_SRA_Country,Commercial2,0,https://www.radio-australia.org/sra-country,,0
au SRA Jazz,au_SRA_Jazz,Commercial2,0,https://www.radio-australia.org/sra-jazz,,0
au SRA Radio Classique 2,au_SRA_Radio_Classique_2,Commercial2,0,https://www.radio-australia.org/sra-radio-classique-2,,0
au SRA Radio National,au_SRA_Radio_National,Commercial2,0,https://www.radio-australia.org/sra-radio-national,,0
au Star 101.9 FM,au_Star_101.9_FM,Commercial2,0,https://www.radio-australia.org/star-1019-fm,,0
au Star 102.7 FM,au_Star_102.7_FM,Commercial2,0,https://www.radio-australia.org/star-1027,,0
au Star 104.5 Central Coast,au_Star_104.5_Central_Coast,Commercial2,0,https://www.radio-australia.org/star-1045-central-coast,,0
au Star 106.3 (AU Only),au_Star_106.3_(AU_Only),Commercial2,0,https://www.radio-australia.org/star-1063-fm,,0
au Star Kidz Radio - Worldwide,au_Star_Kidz_Radio_-_Worldwide,Commercial2,0,https://www.radio-australia.org/star-kidz-radio-worldwide,,0
au StarCore,au_StarCore,Commercial2,0,https://www.radio-australia.org/starcore,,0
au Starter Bangaz,au_Starter_Bangaz,Commercial2,0,https://www.radio-australia.org/kiss-fm-middle-east,,0
au Starter FM,au_Starter_FM,Commercial2,0,https://www.radio-australia.org/starter-fm,,0
au Station X - XRN Australia,au_Station_X_-_XRN_Australia,Commercial2,0,https://www.radio-australia.org/station-x,,0
au STEREO 10,au_STEREO_10,Commercial2,0,https://www.radio-australia.org/stereo-10-brisbane2,,0
au Sub FM,au_Sub_FM,Commercial2,0,https://www.radio-australia.org/sub-fm,,0
au Sunshine 104.9 FM,au_Sunshine_104.9_FM,Commercial2,0,https://www.radio-australia.org/sunshine-1049-fm,,0
au Super Nova - Melbourne Radio,au_Super_Nova_-_Melbourne_Radio,Commercial2,0,https://www.radio-australia.org/super-nova-melbourne-radio,,0
au SURG FM,au_SURG_FM,Commercial2,0,https://www.radio-australia.org/surg-fm,,0
au Sweet FM,au_Sweet_FM,Commercial2,0,https://www.radio-australia.org/sweet-fm,,0
au Switch Brisbane - 1197 AM - DAB+,au_Switch_Brisbane_-_1197_AM_-_DAB+,Commercial2,0,https://www.radio-australia.org/switch-1197-am,,0
au Switch Classic Country,au_Switch_Classic_Country,Commercial2,0,https://www.radio-australia.org/switch-easy-xmas,,0
au Switch Country,au_Switch_Country,Commercial2,0,https://www.radio-australia.org/switch-country,,0
au Switch Easy,au_Switch_Easy,Commercial2,0,https://www.radio-australia.org/switch-easy,,0
au Switch Energy,au_Switch_Energy,Commercial2,0,https://www.radio-australia.org/switch-energy,,0
au Switch FM,au_Switch_FM,Commercial2,0,https://www.radio-australia.org/switch-webcast,,0
au Switch Gold,au_Switch_Gold,Commercial2,0,https://www.radio-australia.org/radio-daddyo,,0
au Switch Totally 90s,au_Switch_Totally_90s,Commercial2,0,https://www.radio-australia.org/switch-totally-90s,,0
au SWR 99.9 FM,au_SWR_99.9_FM,Commercial2,0,https://www.radio-australia.org/swr-999-fm,,0
au Sydney Tafe radio,au_Sydney_Tafe_radio,Commercial2,0,https://www.radio-australia.org/sydney-tafe-radio,,0
au SYN FM,au_SYN_FM,Commercial2,0,https://www.radio-australia.org/syn-fm,,0
au TABtouch Radio,au_TABtouch_Radio,Commercial2,0,https://www.radio-australia.org/tabtouch-radio,,0
au Tamil Cholai Online,au_Tamil_Cholai_Online,Commercial2,0,https://www.radio-australia.org/tamil-cholai-online,,0
au TamilRagam,au_TamilRagam,Commercial2,0,https://www.radio-australia.org/tamilragam,,0
au Tank FM,au_Tank_FM,Commercial2,0,https://www.radio-australia.org/tank-fm,,0
au TEM-FM 102.5,au_TEM-FM_102.5,Commercial2,0,https://www.radio-australia.org/tem-fm-1025,,0
au Ten 89.7 FM,au_Ten_89.7_FM,Commercial2,0,https://www.radio-australia.org/ten-897-fm,,0
au Territory FM 104.1,au_Territory_FM_104.1,Commercial2,0,https://www.radio-australia.org/territory-fm-1041,,0
au The 80s,au_The_80s,Commercial2,0,https://www.radio-australia.org/the-80s2,,0
au The 80s,au_The_80s,Commercial2,0,https://www.radio-australia.org/the-80s3,,0
au The Breeze,au_The_Breeze,Commercial2,0,https://www.radio-australia.org/the-breeze,,0
au The Breeze - Wide Bay,au_The_Breeze_-_Wide_Bay,Commercial2,0,https://www.radio-australia.org/the-breeze-wide-bay,,0
au The Bunkhouse,au_The_Bunkhouse,Commercial2,0,https://www.radio-australia.org/the-bunkhouse,,0
au The Buzzz,au_The_Buzzz,Commercial2,0,https://www.radio-australia.org/the-buzzz2,,0
au The Dump,au_The_Dump,Commercial2,0,https://www.radio-australia.org/the-dump,,0
au The END FM,au_The_END_FM,Commercial2,0,https://www.radio-australia.org/the-end-fm,,0
au The Local Station 107.5 FM,au_The_Local_Station_107.5_FM,Commercial2,0,https://www.radio-australia.org/orange-1075-fm,,0
au The Progressive Rock Machine,au_The_Progressive_Rock_Machine,Commercial2,0,https://www.radio-australia.org/the-progressive-rock-machine,,0
au The Pulse 94.7 FM,au_The_Pulse_94.7_FM,Commercial2,0,https://www.radio-australia.org/the-pulse-947-fm,,0
au theLight Albury,au_theLight_Albury,Commercial2,0,https://www.radio-australia.org/thelight-albury,,0
au TheLight Mix,au_TheLight_Mix,Commercial2,0,https://www.radio-australia.org/thelight-mix,,0
au Three D Radio 93.7 FM,au_Three_D_Radio_93.7_FM,Commercial2,0,https://www.radio-australia.org/three-d-radio-937-fm,,0
au Thy Word is Truth-Ps Suzy Antoun,au_Thy_Word_is_Truth-Ps_Suzy_Antoun,Commercial2,0,https://www.radio-australia.org/the-uk-1940s-radio-station,,0
au TLC FM,au_TLC_FM,Commercial2,0,https://www.radio-australia.org/tlc-fm,,0
au Todays Country 94One,au_Todays_Country_94One,Commercial2,0,https://www.radio-australia.org/todays-country-94-one,,0
au Torque Dance Arena - On Real,au_Torque_Dance_Arena_-_On_Real,Commercial2,0,https://www.radio-australia.org/torque-dance-arena-on-real,,0
au Torque Retro,au_Torque_Retro,Commercial2,0,https://www.radio-australia.org/torque-retro,,0
au Totally Radio 00s,au_Totally_Radio_00s,Commercial2,0,https://www.radio-australia.org/totally-radio-00s,,0
au Totally Radio 60s,au_Totally_Radio_60s,Commercial2,0,https://www.radio-australia.org/totally-radio-60s,,0
au Totally Radio 70s,au_Totally_Radio_70s,Commercial2,0,https://www.radio-australia.org/totally-radio-70s,,0
au Totally Radio 80s,au_Totally_Radio_80s,Commercial2,0,https://www.radio-australia.org/totally-radio-80s,,0
au Totally Radio 90s,au_Totally_Radio_90s,Commercial2,0,https://www.radio-australia.org/totally-radio-90s,,0
au Totally Radio Country,au_Totally_Radio_Country,Commercial2,0,https://www.radio-australia.org/totally-radio-country,,0
au Totally Radio Easy,au_Totally_Radio_Easy,Commercial2,0,https://www.radio-australia.org/totally-radio-easy,,0
au Totally Radio Greatest Hits,au_Totally_Radio_Greatest_Hits,Commercial2,0,https://www.radio-australia.org/totally-radio-greatest-hits,,0
au Totally Radio Hits,au_Totally_Radio_Hits,Commercial2,0,https://www.radio-australia.org/totally-radio-hits,,0
au Totally Radio Pop,au_Totally_Radio_Pop,Commercial2,0,https://www.radio-australia.org/totally-radio-pop,,0
au Totally Radio Rock,au_Totally_Radio_Rock,Commercial2,0,https://www.radio-australia.org/totally-radio-rock,,0
au Totally Radio Xmas,au_Totally_Radio_Xmas,Commercial2,1,https://www.radio-australia.org/totally-radio-xmas,,0
au Townsville Rocks,au_Townsville_Rocks,Commercial2,0,https://www.radio-australia.org/townsville-rocks,,0
au Trax Country,au_Trax_Country,Commercial2,0,https://www.radio-australia.org/trax-fm2,,0
au Trax FM,au_Trax_FM,Commercial2,0,https://www.radio-australia.org/trax-fm,,0
au TRF Talk Radio,au_TRF_Talk_Radio,Commercial2,0,https://www.radio-australia.org/trf-talk-radio,,0
au Tribe FM,au_Tribe_FM,Commercial2,0,https://www.radio-australia.org/tribe-fm,,0
au Triple A FM,au_Triple_A_FM,Commercial2,1,https://www.radio-australia.org/triple-a-fm,,0
au Triple H 100.1 FM,au_Triple_H_100.1_FM,Commercial2,0,https://www.radio-australia.org/triple-h-1001-fm,,0
au Triple R 102.7 FMM,au_Triple_R_102.7_FMM,Commercial2,0,https://www.radio-australia.org/triple-r-1027fm,,0
au Triple U FM,au_Triple_U_FM,Commercial2,0,https://www.radio-australia.org/triple-u-fm,,0
au Triple Y,au_Triple_Y,Commercial2,0,https://www.radio-australia.org/triple-yyy,,0
au Triple Y,au_Triple_Y,Commercial2,0,https://www.radio-australia.org/triple-y,,0
au True Light FM 87.8,au_True_Light_FM_87.8,Commercial2,0,https://www.radio-australia.org/nz/true-light-fm-878,,0
au Tune India Radio,au_Tune_India_Radio,Commercial2,0,https://www.radio-australia.org/tune-india-radio,,0
au Tune! FM 106.9,au_Tune!_FM_106.9,Commercial2,1,https://www.radio-australia.org/tune-fm-1069,,0
au Tune1 - All Digital,au_Tune1_-_All_Digital,Commercial2,0,https://www.radio-australia.org/tune1-all-digital,,0
au TYGA FM,au_TYGA_FM,Commercial2,0,https://www.radio-australia.org/tyga-fm,,0
au UCFM,au_UCFM,Commercial2,0,https://www.radio-australia.org/ucfm-878,,0
au UGFM,au_UGFM,Commercial2,0,https://www.radio-australia.org/ugfm,,0
au Ultra 106.5 FM,au_Ultra_106.5_FM,Commercial2,0,https://www.radio-australia.org/ultra-1065-fm,,0
au UltraCool Radio,au_UltraCool_Radio,Commercial2,1,https://www.radio-australia.org/ultracool-radio,,0
au Umeewarra Radio,au_Umeewarra_Radio,Commercial2,0,https://www.radio-australia.org/umeewarra-radio,,0
au Underground FX,au_Underground_FX,Commercial2,1,https://www.radio-australia.org/underground-fx,,0
au V1 RADIO,au_V1_RADIO,Commercial2,0,https://www.radio-australia.org/v1radio,,0
au Valley FM 87.6 FM Bright,au_Valley_FM_87.6_FM_Bright,Commercial2,0,https://www.radio-australia.org/valley-fm-876-fm-bright,,0
au Valley FM 89.5,au_Valley_FM_89.5,Commercial2,0,https://www.radio-australia.org/valley-fm-895,,0
au Variety Digital Radio Australia,au_Variety_Digital_Radio_Australia,Commercial2,1,https://www.radio-australia.org/variety-fm-ipswich,,0
au Vesti Nestorijanske,au_Vesti_Nestorijanske,Commercial2,0,https://www.radio-australia.org/vesti-nestorijanske,,0
au Vibe Nation,au_Vibe_Nation,Commercial2,0,https://www.radio-australia.org/vibe-nation,,0
au Vince Radio,au_Vince_Radio,Commercial2,0,https://www.radio-australia.org/vince-radio,,0
au Vintage FM Camden,au_Vintage_FM_Camden,Commercial2,0,https://www.radio-australia.org/vintage-fm-camden,,0
au VintageFM,au_VintageFM,Commercial2,0,https://www.radio-australia.org/vintage-fm-876,,0
au VIP Radio New South Wales,au_VIP_Radio_New_South_Wales,Commercial2,0,https://www.radio-australia.org/vip-radio-new-south-wales,,0
au VIP Radio Queensland,au_VIP_Radio_Queensland,Commercial2,0,https://www.radio-australia.org/vip-radio-queensland,,0
au VIP Radio South Australia,au_VIP_Radio_South_Australia,Commercial2,0,https://www.radio-australia.org/vip-radio-south-australia,,0
au VIP Radio Victoria,au_VIP_Radio_Victoria,Commercial2,0,https://www.radio-australia.org/vip-radio-victoria,,0
au VIP Radio Western Australia,au_VIP_Radio_Western_Australia,Commercial2,0,https://www.radio-australia.org/vip-radio-western-australia,,0
au Vision Australia Radio Adelaide 1197AM,au_Vision_Australia_Radio_Adelaide_1197AM,Commercial2,0,https://www.radio-australia.org/vision-australia-radio-1197-am,,0
au Vision Christian Radio,au_Vision_Christian_Radio,Commercial2,0,https://www.radio-australia.org/vision-christian-radio,,0
au Voice of Charity 1701 AM,au_Voice_of_Charity_1701_AM,Commercial2,1,https://www.radio-australia.org/voice-of-charity-1701-am,,0
au Voice of Islam 87.6 FM,au_Voice_of_Islam_87.6_FM,Commercial2,1,https://www.radio-australia.org/voice-of-islam-876-fm,,0
au Voice of the Avon,au_Voice_of_the_Avon,Commercial2,0,https://www.radio-australia.org/voice-of-the-avon,,0
au VON Radio,au_VON_Radio,Commercial2,0,https://www.radio-australia.org/von-radio,,0
au Vox 106.9 FM,au_Vox_106.9_FM,Commercial2,1,https://www.radio-australia.org/vox-1069-fm,,0
au Wagga's Life FM,au_Wagga's_Life_FM,Commercial2,1,https://www.radio-australia.org/waggas-life-fm,,0
au Wangki Yupurnanupurru Radio,au_Wangki_Yupurnanupurru_Radio,Commercial2,1,https://www.radio-australia.org/wangki-yupurnanupurru-radio,,0
au Wave FM 96.5,au_Wave_FM_96.5,Commercial2,0,https://www.radio-australia.org/wave-fm-965,,0
au Way FM,au_Way_FM,Commercial2,1,https://www.radio-australia.org/way-fm,,0
au West Bremer Radio,au_West_Bremer_Radio,Commercial2,0,https://www.radio-australia.org/west-bremer-radio,,0
au What's New VU,au_What's_New_VU,Commercial2,0,https://www.radio-australia.org/whats-new-vu,,0
au Wild Horse FM,au_Wild_Horse_FM,Commercial2,1,https://www.radio-australia.org/wild-horse-on-air,,0
au WOWfm,au_WOWfm,Commercial2,0,https://www.radio-australia.org/wowfm,,0
au WowFM 100.7,au_WowFM_100.7,Commercial2,1,https://www.radio-australia.org/wow-fm-1007,,0
au WTFR,au_WTFR,Commercial2,0,https://www.radio-australia.org/wtfr,,0
au XLFM 96.1,au_XLFM_96.1,Commercial2,0,https://www.radio-australia.org/xlfm-961,,0
au Xstream Darwin FM,au_Xstream_Darwin_FM,Commercial2,1,https://www.radio-australia.org/darwin-fm,,0
au Yarra Valley FM,au_Yarra_Valley_FM,Commercial2,1,https://www.radio-australia.org/yarra-valley-fm-991,,0
au Your Gippsland Radio,au_Your_Gippsland_Radio,Commercial2,0,https://www.radio-australia.org/your-gippsland-radio,,0
au ZFM,au_ZFM,Commercial2,1,https://www.radio-australia.org/zfm,,0
au Zinc 96.1 FM,au_Zinc_96.1_FM,Commercial2,0,https://www.radio-australia.org/zinc-961,,0
