2GB Sydney,https://www.radio-australia.org/2gb
3AW Melbourne,https://www.radio-australia.org/3aw-melbourne
ABC News Radio,https://www.radio-australia.org/abc-news-radio
2SM Super Radio,https://www.radio-australia.org/2sm-super-radio
SEN Sports 1116 AM,https://www.radio-australia.org/sen-1116
KIIS 106.5 FM,https://www.radio-australia.org/kiis-1065
Triple M,https://www.radio-australia.org/triple-m
Gold 104.3 FM,https://www.radio-australia.org/gold-1043
Smooth FM 95.3 Sydney,https://www.radio-australia.org/smooth-953
SEN Sports 1170 Sydney,https://www.radio-australia.org/sen-sports-1170-am
Totally Radio 80s,https://www.radio-australia.org/totally-radio-80s
Totally Radio 70s,https://www.radio-australia.org/totally-radio-70s
Totally Radio Hits,https://www.radio-australia.org/totally-radio-hits
Smooth FM 91.5 Melbourne,https://www.radio-australia.org/smooth-915
ABC Sport,https://www.radio-australia.org/abc-sport
2KY - Sky Sports Radio,https://www.radio-australia.org/sky-sports-radio
ABC Radio Melbourne,https://www.radio-australia.org/abc-radio-melbourne
Gold 101.7 FM,https://www.radio-australia.org/gold
KIIS 101.1 Melbourne,https://www.radio-australia.org/kiis-1011
4BC 882 Brisbane,https://www.radio-australia.org/4bc
Nova 100,https://www.radio-australia.org/nova-100
96 FM,https://www.radio-australia.org/96-fm
702 ABC Sydney,https://www.radio-australia.org/702-abc-sydney
ABC Radio National,https://www.radio-australia.org/abc-radio-national
6PR 882 AM,https://www.radio-australia.org/6pr
Totally Radio 90s,https://www.radio-australia.org/totally-radio-90s
Totally Radio Greatest Hits,https://www.radio-australia.org/totally-radio-greatest-hits
Totally Radio 60s,https://www.radio-australia.org/totally-radio-60s
Nova 96.9,https://www.radio-australia.org/nova-969
ABC Triple J NSW,https://www.radio-australia.org/triple-j
Nova 106.9,https://www.radio-australia.org/nova-1069
Nova 93.7,https://www.radio-australia.org/nova-937
FIVEAA,https://www.radio-australia.org/fiveaa
ABC Classic FM,https://www.radio-australia.org/abc-classic-fm
KIIS 97.3 FM,https://www.radio-australia.org/973-fm
Sky News Radio,https://www.radio-australia.org/sky-news-radio
Mix 102.3 FM,https://www.radio-australia.org/mix-1023
Totally Radio Easy,https://www.radio-australia.org/totally-radio-easy
2UE 954 AM,https://www.radio-australia.org/2ue-954
Totally Radio 00s,https://www.radio-australia.org/totally-radio-00s
Rebel FM,https://www.radio-australia.org/rebel-fm
612 ABC Brisbane,https://www.radio-australia.org/612-abc-brisbane
6IX 105.7 FM,https://www.radio-australia.org/6ix
Cruise 1323 Adelaide,https://www.radio-australia.org/cruise-1323-adelaide
720 ABC Perth,https://www.radio-australia.org/720-abc-perth
River 94.9 FM,https://www.radio-australia.org/river-949
Curtin FM,https://www.radio-australia.org/curtin-fm
Totally Radio Rock,https://www.radio-australia.org/totally-radio-rock
RSN 927 AM,https://www.radio-australia.org/rsn
Totally Radio Country,https://www.radio-australia.org/totally-radio-country
SBS Chill,https://www.radio-australia.org/sbs-chill
102.9 FM Hot Tomato,https://www.radio-australia.org/1029-hot-tomato
Totally Radio Pop,https://www.radio-australia.org/totally-radio-pop
1116 4BH,https://www.radio-australia.org/4bh-882
Outback Radio 2WEB,https://www.radio-australia.org/2web-outback-radio-585-am
Smooth FM Perth,https://www.radio-australia.org/smooth-fm-perth
Coles Radio,https://www.radio-australia.org/coles-radio-new-south-wales
B105 - hit105,https://www.radio-australia.org/b105-hit105
ABC Radio Sydney,https://www.radio-australia.org/abc-radio-sydney
Triple R 102.7 FMM,https://www.radio-australia.org/triple-r-1027fm
Fresh 92.7 FM,https://www.radio-australia.org/fresh-fm
Massive Dance,https://www.radio-australia.org/massive-dance-radio
The Breeze,https://www.radio-australia.org/the-breeze
Smooth FM Brisbane,https://www.radio-australia.org/smooth-fm-brisbane
891 ABC Adelaide,https://www.radio-australia.org/891-abc-adelaide
2NUR FM,https://www.radio-australia.org/2-nur
ABC Radio Australia,https://www.radio-australia.org/abc-radio-australia
ABC Double J,https://www.radio-australia.org/double-j
ABC Jazz,https://www.radio-australia.org/abc-jazz
ABC Newcastle,https://www.radio-australia.org/1233-abc-newcastle
91.7 The Wave,https://www.radio-australia.org/917-the-wave
PBS 106.7 FM,https://www.radio-australia.org/pbs-fm
It's 80s,https://www.radio-australia.org/its-80s
ABC Classic 2,https://www.radio-australia.org/abc-classic-2
Smooth 80s,https://www.radio-australia.org/smooth-80s
Coast FM 96.3,https://www.radio-australia.org/coast-fm-963
Kix Country,https://www.radio-australia.org/kix-country
ABC Triple J QLD,https://www.radio-australia.org/abc-triple-j-qld
Sunshine 104.9 FM,https://www.radio-australia.org/sunshine-1049-fm
2ME Radio Arabic,https://www.radio-australia.org/2me-radio-arabic
ABC Country,https://www.radio-australia.org/abc-country
i98 FM,https://www.radio-australia.org/i98fm
Smooth Relax,https://www.radio-australia.org/smooth-relax
Vision Christian Radio,https://www.radio-australia.org/vision-christian-radio
CADA,https://www.radio-australia.org/cada
Smooth Vintage,https://www.radio-australia.org/smooth-vintage
Nova 919,https://www.radio-australia.org/nova-919
K-Rock 95.5 FM,https://www.radio-australia.org/krock
Mix 106.3 Canberra,https://www.radio-australia.org/mix-1063
Star 104.5 Central Coast,https://www.radio-australia.org/star-1045-central-coast
ABC Triple J WA,https://www.radio-australia.org/abc-triple-j-wa
Sawt El Ghad Australia - Radio 2Moro,https://www.radio-australia.org/sawtelghad-australia-1620-am
Hope 103.2 FM,https://www.radio-australia.org/hope-1032
89.9 TheLight,https://www.radio-australia.org/light-fm
94.1 FM Gold Coast radio,https://www.radio-australia.org/gold-coast-radio
2CA Forever Classic 1053 AM,https://www.radio-australia.org/2ca-1053-am
Coast Live 97.3 FM,https://www.radio-australia.org/coast-live
2CC Talking Canberra,https://www.radio-australia.org/2cc-canberra
Pure Hits RETRO,https://www.radio-australia.org/pure-hits-retro
92.7 MIX FM,https://www.radio-australia.org/927-mix-fm
Smooth FM Adelaide,https://www.radio-australia.org/smooth-fm-adelaide
Bay 93.9,https://www.radio-australia.org/bay-fm
SBS Radio 1,https://www.radio-australia.org/sbs-radio-1
Wave FM 96.5,https://www.radio-australia.org/wave-fm-965
ABC Illawarra,https://www.radio-australia.org/abc-illawarra
91.7 ABC Gold Coast,https://www.radio-australia.org/917-abc-gold-coast
88.9 FM Tamworth,https://www.radio-australia.org/2-you-fm-889
91.3 SportFM,https://www.radio-australia.org/sportfm
4CRB 89.3 FM,https://www.radio-australia.org/4crb-893-fm
Smooth Chill,https://www.radio-australia.org/smooth-chill-australia
Raw FM,https://www.radio-australia.org/raw-fm
Radio 2ST,https://www.radio-australia.org/radio-2st
2AC Australian Chinese Radio - Cantonese,https://www.radio-australia.org/2ac-australian-chinese-radio-cantonese
Zinc 96.1 FM,https://www.radio-australia.org/zinc-961
1629 SEN SA,https://www.radio-australia.org/1629-sen-sa
TABtouch Radio,https://www.radio-australia.org/tabtouch-radio
Kiss FM 87.6,https://www.radio-australia.org/kiss-fm
Adelaide Dance Radio,https://www.radio-australia.org/adelaide-dance-radio
Paradise FM,https://www.radio-australia.org/paradise-fm
666 ABC Canberra,https://www.radio-australia.org/666-abc-canberra
Hot 91.1 FM,https://www.radio-australia.org/hot-911
Nova 90s,https://www.radio-australia.org/nova-90s
Mix 104.9 FM,https://www.radio-australia.org/mix-1049-fm
Pure Hits FRESH,https://www.radio-australia.org/pure-hits-fresh
ABC Hobart,https://www.radio-australia.org/936-abc-hobart
Vibe Nation,https://www.radio-australia.org/vibe-nation
Bay FM 100.3 Community Radio,https://www.radio-australia.org/bay-fm-1003
FBi Radio 94.5 FM,https://www.radio-australia.org/fbi-radio-945-fm
Australian Country Radio,https://www.radio-australia.org/australian-country-radio
2SER 107.3 FM,https://www.radio-australia.org/2ser
Radio Metro,https://www.radio-australia.org/radio-metro
Star 101.9 FM,https://www.radio-australia.org/star-1019-fm
RadioTAB,https://www.radio-australia.org/radiotab
4ZZZ FM,https://www.radio-australia.org/4zzz-fm
ABC Triple J Unearthed,https://www.radio-australia.org/triple-j-unearthed
ABC North Coast,https://www.radio-australia.org/abc-north-coast
Star 102.7 FM,https://www.radio-australia.org/star-1027
Triple M 93.5 FM,https://www.radio-australia.org/triple-m-935-fm
91.9 Sea FM Sunshine Coast,https://www.radio-australia.org/sea-fm-sunshine-coast
Capital Country Radio,https://www.radio-australia.org/capital-country-radio
Radio Five-O-Plus 93.3 FM,https://www.radio-australia.org/radio-five-o-plus-933-fm
SBS Arabic24,https://www.radio-australia.org/sbs-arabic-24
ABC Radio National WA,https://www.radio-australia.org/abc-radio-national-wa
7HOFM 101.7 (AU Only),https://www.radio-australia.org/7ho-1017-fm
VintageFM,https://www.radio-australia.org/vintage-fm-876
One FM 98.5,https://www.radio-australia.org/one-985-fm
96five Family Radio,https://www.radio-australia.org/96five-family-radio
Radio 531 3GG,https://www.radio-australia.org/radio-531-3gg
Nova Nation,https://www.radio-australia.org/nova-nation
Oldskool 80s Hits,https://www.radio-australia.org/oldskool-80s-hits
Power FM Ballarat,https://www.radio-australia.org/power-fm-ballarat
Power 100 FM,https://www.radio-australia.org/power-100-fm
Massive Chill,https://www.radio-australia.org/massive-chill-radio
4MK 1026 AM,https://www.radio-australia.org/4mk-1026-am
4CA 846 AM,https://www.radio-australia.org/4ca-846-am
Muslim Community Radio 92.1 FM,https://www.radio-australia.org/muslim-community-radio-921-fm
2GN Goulburn,https://www.radio-australia.org/2gn
ABC Gippsland,https://www.radio-australia.org/abc-gippsland
GOLD 87.6,https://www.radio-australia.org/the-greatest-hits
997 Bridge FM Brisbane,https://www.radio-australia.org/997-bridge-fm-brisbane
ABC Northern Tasmania,https://www.radio-australia.org/abc-northern-tasmania
Radio Triple T 103.9 FM,https://www.radio-australia.org/radio-triple-t-1039-fm
JOY 94.9 FM,https://www.radio-australia.org/joy-949-fm
LAFM 89.3 FM,https://www.radio-australia.org/lafm-893-fm
Radio KLFM,https://www.radio-australia.org/radio-klfm
Hot100 Darwin,https://www.radio-australia.org/hot100-darwin
2EC,https://www.radio-australia.org/2ec
Chilli 90.1 FM,https://www.radio-australia.org/chilli-901-fm
It's Chill,https://www.radio-australia.org/its-chill
Newy 87.8 FM Newcastle,https://www.radio-australia.org/newy-878-fm-newcastle
It's 70s,https://www.radio-australia.org/its-70s
Power FM 94.9,https://www.radio-australia.org/power-fm-949
5MU,https://www.radio-australia.org/5mu-1125
3MBS 103.5 FM,https://www.radio-australia.org/3mbs-radio-1035-fm
Beam FM - Australia,https://www.radio-australia.org/beam-fm-australia
RTRFM,https://www.radio-australia.org/rtr-921-fm
The Breeze - Wide Bay,https://www.radio-australia.org/the-breeze-wide-bay
3XY Radio Hellas,https://www.radio-australia.org/3xy-radio-hellas-1422-am
2AC Australian Chinese Radio - Mandarin,https://www.radio-australia.org/2ac-australian-chinese-radio
ABC Southern Queensland,https://www.radio-australia.org/abc-southern-queensland
QRAM - Black Star Radio,https://www.radio-australia.org/qram-black-star-radio
Free FM Rock Austral,https://www.radio-australia.org/free-fm-rock-austral
ABC Triple J SA,https://www.radio-australia.org/abc-triple-j-sa
C91.3 FM,https://www.radio-australia.org/c913-fm
Classic 87.6 FM,https://www.radio-australia.org/classic-876-fm
Snow FM,https://www.radio-australia.org/snow-fm
101.3 / 98.5 / 94.5 Mixx FM,https://www.radio-australia.org/1013-mixx-fm
Power FM 98.1,https://www.radio-australia.org/power-fm-981
My Life FM,https://www.radio-australia.org/my-life-fm
ABC Goulburn Murray,https://www.radio-australia.org/abc-goulburn-murray
3CR Community Radio 855 AM,https://www.radio-australia.org/3cr-community-radio
Voice of Islam 87.6 FM,https://www.radio-australia.org/voice-of-islam-876-fm
ABC Central Coast,https://www.radio-australia.org/abc-central-coast
4MBS Classic FM,https://www.radio-australia.org/4mbs-classic-fm
Southern FM 88.3,https://www.radio-australia.org/southern-fm-883
Hobart FM,https://www.radio-australia.org/hobart-fm
SA Rock Radio,https://www.radio-australia.org/sa-rock-radio
Radio 3BA,https://www.radio-australia.org/radio-3ba
BayFM 99.9,https://www.radio-australia.org/bay-fm-999
Australian Truck Radio,https://www.radio-australia.org/the-australian-big-rig-roadshow
Coast FM Adelaide,https://www.radio-australia.org/coast-fm-adelaide
Switch Classic Country,https://www.radio-australia.org/switch-easy-xmas
ABC Darwin,https://www.radio-australia.org/abc-darwin
Faith FM,https://www.radio-australia.org/faith-fm
Great Lakes FM 101.5,https://www.radio-australia.org/great-lakes-fm-1015
Big Hits Country,https://www.radio-australia.org/big-hits-country
River 1467 AM,https://www.radio-australia.org/river949
4RO (AU Only),https://www.radio-australia.org/4ro
Nova Throwbacks,https://www.radio-australia.org/nova-throwbacks
Territory FM 104.1,https://www.radio-australia.org/territory-fm-1041
1089 3WM,https://www.radio-australia.org/1089-3wm
Hitz 939,https://www.radio-australia.org/hitz-939-fm
4CC Gladstone,https://www.radio-australia.org/4cc-gladstone
SYN FM,https://www.radio-australia.org/syn-fm
Lake Macquarie FM,https://www.radio-australia.org/lake-macquarie-fm
2MBS Fine Music Sydney,https://www.radio-australia.org/fine-music-1025-fm
Australias Big Country Radio,https://www.radio-australia.org/australias-big-country-radio
Smoothjazz.Melbourne,https://www.radio-australia.org/smoothjazzmelbourne
3GDR FM - Golden Days Radio,https://www.radio-australia.org/3gdr-fm-golden-days-radio
Nova Jamz,https://www.radio-australia.org/nova-jamz
Todays Country 94One,https://www.radio-australia.org/todays-country-94-one
ABC South East NSW,https://www.radio-australia.org/abc-south-east-nsw
ABC Mid West Wheatbelt,https://www.radio-australia.org/abc-mid-west-wheatbelt
101.3 Oak FM,https://www.radio-australia.org/1013-oak-fm
95.3 Coast FM,https://www.radio-australia.org/953-coast-fm
Voice of Charity 1701 AM,https://www.radio-australia.org/voice-of-charity-1701-am
Blues Rock Legends,https://www.radio-australia.org/blues-rock-legends
ABC South West WA,https://www.radio-australia.org/abc-south-west
Radio 1629 AM Newcastle,https://www.radio-australia.org/radio-1629-am-newcastle
Radio East Gippsland,https://www.radio-australia.org/radio-east-gippsland
TRFM,https://www.radio-australia.org/trfm
Switch Country,https://www.radio-australia.org/switch-country
Capital Community Radio 101.7 FM,https://www.radio-australia.org/capital-community-radio-1017-fm
PHAZE 90's,https://www.radio-australia.org/phaze-90s
ABC Radio Canberra,https://www.radio-australia.org/abc-radio-canberra
Gold 1242 AM,https://www.radio-australia.org/gold-1242-am
4PLAY.fm,https://www.radio-australia.org/4play-fm
Heritage FM,https://www.radio-australia.org/heritage-fm
ABC Far North Queensland,https://www.radio-australia.org/abc-far-north
The 80s,https://www.radio-australia.org/the-80s2
