dk DR P3,dk_DR_P3,Commercial2,0,https://www.radio-danmark.dk/p3,,0
dk NOVA,dk_NOVA,Commercial2,0,https://www.radio-danmark.dk/nova-fm,,0
dk DR P5,dk_DR_P5,Commercial2,0,https://www.radio-danmark.dk/p5,,0
dk DR P4 København,dk_DR_P4_København,Commercial2,0,https://www.radio-danmark.dk/p4-kobenhavn,,0
dk Retro-Radio,dk_Retro-Radio,Commercial2,0,https://www.radio-danmark.dk/retro-radio,,0
dk DR P1,dk_DR_P1,Commercial2,0,https://www.radio-danmark.dk/p1,,0
dk Radio Soft,dk_Radio_Soft,Commercial2,0,https://www.radio-danmark.dk/radio-soft,,0
dk Limfjord Slager,dk_Limfjord_Slager,Commercial2,0,https://www.radio-danmark.dk/limfjord-plus-slager,,0
dk Pop FM,dk_Pop_FM,Commercial2,0,https://www.radio-danmark.dk/pop-fm,,0
dk 80's Hits,dk_80's_Hits,Commercial2,0,https://www.radio-danmark.dk/80s-hits,,0
dk DR P4 Østjyllands,dk_DR_P4_Østjyllands,Commercial2,0,https://www.radio-danmark.dk/p4-ostjyllands,,0
dk DR P4 Sjælland,dk_DR_P4_Sjælland,Commercial2,0,https://www.radio-danmark.dk/p4-sjaelland,,0
dk DR P4 Nordjylland,dk_DR_P4_Nordjylland,Commercial2,0,https://www.radio-danmark.dk/p4-nordjylland,,0
dk Classic FM,dk_Classic_FM,Commercial2,0,https://www.radio-danmark.dk/classic-fm,,0
dk PartyFM,dk_PartyFM,Commercial2,0,https://www.radio-danmark.dk/partyfm,,0
dk DR P4 Midt & Vest,dk_DR_P4_Midt_&_Vest,Commercial2,0,https://www.radio-danmark.dk/p4-midt-vest,,0
dk Radio 100,dk_Radio_100,Commercial2,0,https://www.radio-danmark.dk/radio-100,,0
dk DR P4 Fyn,dk_DR_P4_Fyn,Commercial2,0,https://www.radio-danmark.dk/p4-fyn,,0
dk DK4 Dansktop,dk_DK4_Dansktop,Commercial2,0,https://www.radio-danmark.dk/dk4-dansktop,,0
dk DR P4 Syd,dk_DR_P4_Syd,Commercial2,0,https://www.radio-danmark.dk/p4-syd,,0
dk 90's Hits,dk_90's_Hits,Commercial2,0,https://www.radio-danmark.dk/90s-hits,,0
dk The Voice,dk_The_Voice,Commercial2,0,https://www.radio-danmark.dk/the-voice,,0
dk ClassicROCK - Kobenhavn,dk_ClassicROCK_-_Kobenhavn,Commercial2,0,https://www.radio-danmark.dk/classicrock-kobenhavn,,0
dk VinylHits,dk_VinylHits,Commercial2,0,https://www.radio-danmark.dk/vinylhits,,0
dk Danske 80'er Hits,dk_Danske_80'er_Hits,Commercial2,0,https://www.radio-danmark.dk/danske-80er-hits,,0
dk Radio Globus,dk_Radio_Globus,Commercial2,0,https://www.radio-danmark.dk/radio-globus,,0
dk ANR Hit FM,dk_ANR_Hit_FM,Commercial2,0,https://www.radio-danmark.dk/anr-hit-fm,,0
dk myRock,dk_myRock,Commercial2,0,https://www.radio-danmark.dk/myrock,,0
dk Radio ABC,dk_Radio_ABC,Commercial2,0,https://www.radio-danmark.dk/radio-abc,,0
dk Radio4,dk_Radio4,Commercial2,0,https://www.radio-danmark.dk/radio4,,0
dk DR P4 Trekanten,dk_DR_P4_Trekanten,Commercial2,0,https://www.radio-danmark.dk/p4-trekanten,,0
dk Retro-Radio Millennium,dk_Retro-Radio_Millennium,Commercial2,0,https://www.radio-danmark.dk/retro-radio-millennium,,0
dk Radio Alfa,dk_Radio_Alfa,Commercial2,0,https://www.radio-danmark.dk/radio-alfa,,0
dk Globus Guld,dk_Globus_Guld,Commercial2,0,https://www.radio-danmark.dk/globus-guld,,0
dk P5 Fyn,dk_P5_Fyn,Commercial2,0,https://www.radio-danmark.dk/dr-nyheder,,0
dk DR P8 Jazz,dk_DR_P8_Jazz,Commercial2,0,https://www.radio-danmark.dk/p8-jazz,,0
dk Radio Alfa Gold,dk_Radio_Alfa_Gold,Commercial2,0,https://www.radio-danmark.dk/radio-alfa-gold,,0
dk DR P6 Beat,dk_DR_P6_Beat,Commercial2,0,https://www.radio-danmark.dk/p6-beat,,0
dk Globus Guld Country,dk_Globus_Guld_Country,Commercial2,0,https://www.radio-danmark.dk/globus-guld-country,,0
dk myROCK Legends of Rock,dk_myROCK_Legends_of_Rock,Commercial2,0,https://www.radio-danmark.dk/myrock-legends-of-rock,,0
dk Radio Soft Classic,dk_Radio_Soft_Classic,Commercial2,0,https://www.radio-danmark.dk/radio-soft-classic,,0
dk DR P2 Klassisk,dk_DR_P2_Klassisk,Commercial2,0,https://www.radio-danmark.dk/p2,,0
dk Radio VLR Vejle,dk_Radio_VLR_Vejle,Commercial2,0,https://www.radio-danmark.dk/radio-vlr-vejle,,0
dk Pop 80'er,dk_Pop_80'er,Commercial2,0,https://www.radio-danmark.dk/pop-80er,,0
dk Radio Nord,dk_Radio_Nord,Commercial2,0,https://www.radio-danmark.dk/radio-nord,,0
dk NOVA 100% Dansk,dk_NOVA_100%_Dansk,Commercial2,0,https://www.radio-danmark.dk/nova-100-dansk,,0
dk Mix FM,dk_Mix_FM,Commercial2,0,https://www.radio-danmark.dk/mix-fm,,0
dk Radio Nibenitten,dk_Radio_Nibenitten,Commercial2,0,https://www.radio-danmark.dk/radio-nibenitten,,0
dk 00's Hits,dk_00's_Hits,Commercial2,0,https://www.radio-danmark.dk/00s-hits,,0
dk Radio SLR Slagelse,dk_Radio_SLR_Slagelse,Commercial2,0,https://www.radio-danmark.dk/radio-slr-slagelse,,0
dk Limfjord Mix,dk_Limfjord_Mix,Commercial2,0,https://www.radio-danmark.dk/limfjord-plus,,0
dk Radio Retro DK,dk_Radio_Retro_DK,Commercial2,0,https://www.radio-danmark.dk/radio-retro-dk,,0
dk Radio Sydhavsøerne,dk_Radio_Sydhavsøerne,Commercial2,0,https://www.radio-danmark.dk/radio-sydhavsoerne,,0
dk Radio Alfa Midtjylland,dk_Radio_Alfa_Midtjylland,Commercial2,0,https://www.radio-danmark.dk/radio-alfa-midtjylland,,0
dk Radio Vinyl,dk_Radio_Vinyl,Commercial2,0,https://www.radio-danmark.dk/2016-hits,,0
dk Retro-Radio JUL,dk_Retro-Radio_JUL,Commercial2,0,https://www.radio-danmark.dk/retro-radio-jul,,0
dk Radio Viborg 106-8 FM,dk_Radio_Viborg_106-8_FM,Commercial2,0,https://www.radio-danmark.dk/radio-viborg,,0
dk Skala FM Kolding,dk_Skala_FM_Kolding,Commercial2,0,https://www.radio-danmark.dk/skala-fm-kolding,,0
dk Radio Limfjord,dk_Radio_Limfjord,Commercial2,0,https://www.radio-danmark.dk/radio-limfjord,,0
dk Mix 7,dk_Mix_7,Commercial2,0,https://www.radio-danmark.dk/mix-7,,0
dk Radio Soft Modern,dk_Radio_Soft_Modern,Commercial2,0,https://www.radio-danmark.dk/radio-soft-modern,,0
dk Radio Solo,dk_Radio_Solo,Commercial2,0,https://www.radio-danmark.dk/radio-solo,,0
dk DR P4 Bornholm,dk_DR_P4_Bornholm,Commercial2,0,https://www.radio-danmark.dk/p4-bornholm,,0
dk Rockkanalen,dk_Rockkanalen,Commercial2,0,https://www.radio-danmark.dk/rockkanalen,,0
dk Vendsyssel FM - Frederikshavn Lokalradio,dk_Vendsyssel_FM_-_Frederikshavn_Lokalradio,Commercial2,0,https://www.radio-danmark.dk/vendsyssel-fm-frederikshavn-lokalradio,,0
dk The Voice In The Mix,dk_The_Voice_In_The_Mix,Commercial2,0,https://www.radio-danmark.dk/the-voice-party-people,,0
dk Radio Skive,dk_Radio_Skive,Commercial2,0,https://www.radio-danmark.dk/radio-skive,,0
dk Globus Guld Evergreens,dk_Globus_Guld_Evergreens,Commercial2,0,https://www.radio-danmark.dk/globus-guld-evergreens,,0
dk Radio Freja Christmas (jul),dk_Radio_Freja_Christmas_(jul),Commercial2,0,https://www.radio-danmark.dk/radio-freja-christmas,,0
dk Radio Silkeborg,dk_Radio_Silkeborg,Commercial2,0,https://www.radio-danmark.dk/radio-silkeborg,,0
dk Classic Pop,dk_Classic_Pop,Commercial2,0,https://www.radio-danmark.dk/classic-pop,,0
dk Radio Vibes,dk_Radio_Vibes,Commercial2,0,https://www.radio-danmark.dk/radio-vibes,,0
dk Always Elvis Radio,dk_Always_Elvis_Radio,Commercial2,0,https://www.radio-danmark.dk/always-elvis-presley-radio,,0
dk go!FM,dk_go!FM,Commercial2,0,https://www.radio-danmark.dk/gofm,,0
dk Globus Guld Jul,dk_Globus_Guld_Jul,Commercial2,0,https://www.radio-danmark.dk/globus-guld-jul,,0
dk 10's Hits,dk_10's_Hits,Commercial2,0,https://www.radio-danmark.dk/digster-top-30,,0
dk Midtfjord Radio,dk_Midtfjord_Radio,Commercial2,0,https://www.radio-danmark.dk/midtfjord-radio,,0
dk Radio Alfa Skive,dk_Radio_Alfa_Skive,Commercial2,0,https://www.radio-danmark.dk/radio-alfa-skive,,0
dk Partyradio,dk_Partyradio,Commercial2,0,https://www.radio-danmark.dk/partyradio,,0
dk Radio Mars,dk_Radio_Mars,Commercial2,0,https://www.radio-danmark.dk/radio-mars,,0
dk DR P4 Esbjerg,dk_DR_P4_Esbjerg,Commercial2,0,https://www.radio-danmark.dk/p4-esbjerg,,0
dk Radio Alfa Silkborg,dk_Radio_Alfa_Silkborg,Commercial2,0,https://www.radio-danmark.dk/radio-alfa-silkborg,,0
dk Radio Victoria,dk_Radio_Victoria,Commercial2,0,https://www.radio-danmark.dk/radio-victoria,,0
dk Radio Øst FM,dk_Radio_Øst_FM,Commercial2,0,https://www.radio-danmark.dk/radio-ost-fm,,0
dk Skala FM Esbjerg,dk_Skala_FM_Esbjerg,Commercial2,0,https://www.radio-danmark.dk/skala-fm-esbjerg,,0
dk Skaga FM,dk_Skaga_FM,Commercial2,0,https://www.radio-danmark.dk/skaga-fm,,0
dk NOVA Top 40,dk_NOVA_Top_40,Commercial2,0,https://www.radio-danmark.dk/nova-top-40,,0
dk Radio M,dk_Radio_M,Commercial2,0,https://www.radio-danmark.dk/radio-m,,0
dk Radio SLR Køge,dk_Radio_SLR_Køge,Commercial2,0,https://www.radio-danmark.dk/radio-koge,,0
dk Sendesamvirket Djurslandskanalen,dk_Sendesamvirket_Djurslandskanalen,Commercial2,0,https://www.radio-danmark.dk/radio-ronde-syddjurslokalradio,,0
dk Radio SLR Næstved,dk_Radio_SLR_Næstved,Commercial2,0,https://www.radio-danmark.dk/radio-slr-naestved,,0
dk Radio MidtSjælland,dk_Radio_MidtSjælland,Commercial2,0,https://www.radio-danmark.dk/radio-midtsjaelland,,0
dk Radio VLR Horsens Classic,dk_Radio_VLR_Horsens_Classic,Commercial2,0,https://www.radio-danmark.dk/radio-vlr-horsens-classic,,0
dk Head FM-net - Underground House,dk_Head_FM-net_-_Underground_House,Commercial2,0,https://www.radio-danmark.dk/headfmnet-underground-house,,0
dk Radio PlayBack,dk_Radio_PlayBack,Commercial2,0,https://www.radio-danmark.dk/radio-playback,,0
dk ClassicROCK - Ostjylland,dk_ClassicROCK_-_Ostjylland,Commercial2,0,https://www.radio-danmark.dk/classicrock-ostjylland,,0
dk Globus Guld - Kolding,dk_Globus_Guld_-_Kolding,Commercial2,0,https://www.radio-danmark.dk/globus-guld-kolding,,0
dk Radio Freja,dk_Radio_Freja,Commercial2,0,https://www.radio-danmark.dk/radio-freja,,0
dk Radio Jazz,dk_Radio_Jazz,Commercial2,0,https://www.radio-danmark.dk/radio-jazz,,0
dk DANCE100,dk_DANCE100,Commercial2,0,https://www.radio-danmark.dk/dance100,,0
dk Skala FM Sønderborg,dk_Skala_FM_Sønderborg,Commercial2,0,https://www.radio-danmark.dk/skala-fm-sonderborg,,0
dk 902 FM - Radio Ballerup,dk_902_FM_-_Radio_Ballerup,Commercial2,0,https://www.radio-danmark.dk/902-fm-radio-ballerup,,0
dk Radio VLR Fredericia-Fyn,dk_Radio_VLR_Fredericia-Fyn,Commercial2,0,https://www.radio-danmark.dk/radio-vlr-fredericiafyn,,0
dk Radio Diablo,dk_Radio_Diablo,Commercial2,0,https://www.radio-danmark.dk/radio-diablo,,0
dk Radio Viva,dk_Radio_Viva,Commercial2,0,https://www.radio-danmark.dk/radio-viva-kolding,,0
dk Radio Tønder FM,dk_Radio_Tønder_FM,Commercial2,0,https://www.radio-danmark.dk/radio-tonder-fm,,0
dk Radio Odsherred,dk_Radio_Odsherred,Commercial2,0,https://www.radio-danmark.dk/radio-odsherred,,0
dk Globus Guld - Esbjerg,dk_Globus_Guld_-_Esbjerg,Commercial2,0,https://www.radio-danmark.dk/globus-guld-esbjerg,,0
dk Radio VLR Horsens,dk_Radio_VLR_Horsens,Commercial2,0,https://www.radio-danmark.dk/radio-vlr-horsens,,0
dk Radio Beat,dk_Radio_Beat,Commercial2,0,https://www.radio-danmark.dk/radio-beat,,0
dk HitRadio,dk_HitRadio,Commercial2,0,https://www.radio-danmark.dk/hitradio,,0
dk Partyshaker-dk,dk_Partyshaker-dk,Commercial2,0,https://www.radio-danmark.dk/partyshakerdk,,0
dk Globus Guld - Aabenraa- Sønderborg,dk_Globus_Guld_-_Aabenraa-_Sønderborg,Commercial2,0,https://www.radio-danmark.dk/globus-guld-syd,,0
dk Det Rigtige Faaborg,dk_Det_Rigtige_Faaborg,Commercial2,0,https://www.radio-danmark.dk/det-rigtige-faaborg,,0
dk Radio Klitholm,dk_Radio_Klitholm,Commercial2,0,https://www.radio-danmark.dk/radio-klitholm,,0
dk The Voice Throwback,dk_The_Voice_Throwback,Commercial2,0,https://www.radio-danmark.dk/the-voice-new-music,,0
dk Radio boost,dk_Radio_boost,Commercial2,0,https://www.radio-danmark.dk/radio-boost,,0
dk Radio VLR Kolding,dk_Radio_VLR_Kolding,Commercial2,0,https://www.radio-danmark.dk/radio-vlr-kolding,,0
dk Radio Folk,dk_Radio_Folk,Commercial2,0,https://www.radio-danmark.dk/radio-folk,,0
dk Radio Helsingør 92-8 FM,dk_Radio_Helsingør_92-8_FM,Commercial2,0,https://www.radio-danmark.dk/radio-helsingor-928-fm,,0
dk Radio Happy DK,dk_Radio_Happy_DK,Commercial2,0,https://www.radio-danmark.dk/radio-happy-dk,,0
dk Norea WebRadio,dk_Norea_WebRadio,Commercial2,0,https://www.radio-danmark.dk/norea-webradio,,0
dk Skala FM Middelfart,dk_Skala_FM_Middelfart,Commercial2,0,https://www.radio-danmark.dk/skala-fm-middelfart,,0
dk Ghost Radio,dk_Ghost_Radio,Commercial2,0,https://www.radio-danmark.dk/ghost-radio,,0
dk Radio Stinesen,dk_Radio_Stinesen,Commercial2,0,https://www.radio-danmark.dk/radio-stinesen2,,0
dk Radio Rødovre,dk_Radio_Rødovre,Commercial2,0,https://www.radio-danmark.dk/radio-rodovre,,0
dk AllJazz-eu,dk_AllJazz-eu,Commercial2,0,https://www.radio-danmark.dk/alljazzeu,,0
dk Radio SLR Ringsted,dk_Radio_SLR_Ringsted,Commercial2,0,https://www.radio-danmark.dk/radio-slr-ringsted,,0
dk M Jazz Radio,dk_M_Jazz_Radio,Commercial2,0,https://www.radio-danmark.dk/m-jazz-radio,,0
dk Silkeborg Nærradio,dk_Silkeborg_Nærradio,Commercial2,0,https://www.radio-danmark.dk/silkeborg-naerradio,,0
dk Radio Adalen,dk_Radio_Adalen,Commercial2,0,https://www.radio-danmark.dk/radio-adalen,,0
dk The Voice Urban,dk_The_Voice_Urban,Commercial2,0,https://www.radio-danmark.dk/2017-hits,,0
dk Radio SNR,dk_Radio_SNR,Commercial2,0,https://www.radio-danmark.dk/radio-snr,,0
dk Globus Guld - Haderslev- Rødding,dk_Globus_Guld_-_Haderslev-_Rødding,Commercial2,0,https://www.radio-danmark.dk/globus-guld-midt,,0
dk RodovreKanalen,dk_RodovreKanalen,Commercial2,0,https://www.radio-danmark.dk/rodovrekanalen,,0
dk Radio SLR Holbæk,dk_Radio_SLR_Holbæk,Commercial2,0,https://www.radio-danmark.dk/radio-slr-holbaek,,0
dk Radio Ringkøbing,dk_Radio_Ringkøbing,Commercial2,0,https://www.radio-danmark.dk/radio-ringkobing,,0
dk Booster Radio,dk_Booster_Radio,Commercial2,0,https://www.radio-danmark.dk/booster-radio,,0
dk Radio Halsnæs,dk_Radio_Halsnæs,Commercial2,0,https://www.radio-danmark.dk/radio-halsnaes,,0
dk Holbæk Radio - 104-7,dk_Holbæk_Radio_-_104-7,Commercial2,0,https://www.radio-danmark.dk/holbaek-radio,,0
dk Nanoq FM,dk_Nanoq_FM,Commercial2,0,https://www.radio-danmark.dk/nanoq-fm,,0
dk Radio MFK,dk_Radio_MFK,Commercial2,0,https://www.radio-danmark.dk/radio-mfk,,0
dk ClubFM-dk - SOFT,dk_ClubFM-dk_-_SOFT,Commercial2,0,https://www.radio-danmark.dk/clubfmdk-soft,,0
dk Radio SLR Kalundborg,dk_Radio_SLR_Kalundborg,Commercial2,0,https://www.radio-danmark.dk/radio-slr-kalundborg,,0
dk Victoria Christmas,dk_Victoria_Christmas,Commercial2,0,https://www.radio-danmark.dk/victoria-christmas,,0
dk Skala FM Faaborg,dk_Skala_FM_Faaborg,Commercial2,0,https://www.radio-danmark.dk/skala-fm-faaborg,,0
dk Radio Kolding,dk_Radio_Kolding,Commercial2,0,https://www.radio-danmark.dk/radio-kolding,,0
dk Nordic Lodge Copenhagen,dk_Nordic_Lodge_Copenhagen,Commercial2,0,https://www.radio-danmark.dk/nordic-lodge-copenhagen,,0
dk Globus Guld - Tønder,dk_Globus_Guld_-_Tønder,Commercial2,0,https://www.radio-danmark.dk/globus-gold-tonder,,0
dk Radio SLR Vordingborg,dk_Radio_SLR_Vordingborg,Commercial2,0,https://www.radio-danmark.dk/radio-slr-vordingborg,,0
dk Radio Marlab,dk_Radio_Marlab,Commercial2,0,https://www.radio-danmark.dk/radio-marlab,,0
dk WMR - World Music Radio,dk_WMR_-_World_Music_Radio,Commercial2,0,https://www.radio-danmark.dk/wmr-world-music-radio,,0
dk Funny Radio,dk_Funny_Radio,Commercial2,0,https://www.radio-danmark.dk/funny-radio,,0
dk Umlando,dk_Umlando,Commercial2,0,https://www.radio-danmark.dk/umlando,,0
dk Radio Kultur,dk_Radio_Kultur,Commercial2,0,https://www.radio-danmark.dk/radio-kultur,,0
dk Radio Faaborg Classic,dk_Radio_Faaborg_Classic,Commercial2,0,https://www.radio-danmark.dk/radio-faaborg,,0
dk Skala Christmas,dk_Skala_Christmas,Commercial2,0,https://www.radio-danmark.dk/skala-christmas,,0
dk Radio Maelkeboetten,dk_Radio_Maelkeboetten,Commercial2,0,https://www.radio-danmark.dk/radio-maelkeboetten,,0
dk DR Ramasjang,dk_DR_Ramasjang,Commercial2,0,https://www.radio-danmark.dk/dr-ramasjang-ultra-radio,,0
dk Skala FM Billund,dk_Skala_FM_Billund,Commercial2,0,https://www.radio-danmark.dk/skala-fm-billund,,0
dk Skala FM Haderslev,dk_Skala_FM_Haderslev,Commercial2,0,https://www.radio-danmark.dk/skala-fm-haderslev,,0
dk Hit Radio Charlie,dk_Hit_Radio_Charlie,Commercial2,0,https://www.radio-danmark.dk/hit-radio-charlie,,0
dk Radio ALR,dk_Radio_ALR,Commercial2,0,https://www.radio-danmark.dk/radio-alr,,0
dk Radiosydvest,dk_Radiosydvest,Commercial2,0,https://www.radio-danmark.dk/radiosydvest,,0
dk Music Nation Danmark,dk_Music_Nation_Danmark,Commercial2,0,https://www.radio-danmark.dk/music-nation-danmark,,0
dk Aap ki Awaz,dk_Aap_ki_Awaz,Commercial2,0,https://www.radio-danmark.dk/aap-ki-awaz,,0
dk Reservatet,dk_Reservatet,Commercial2,0,https://www.radio-danmark.dk/reservatet,,0
dk Din Radio 8600,dk_Din_Radio_8600,Commercial2,0,https://www.radio-danmark.dk/din-radio-8600,,0
dk Globus Guld - Vejen- Billund,dk_Globus_Guld_-_Vejen-_Billund,Commercial2,0,https://www.radio-danmark.dk/globus-guld-nord,,0
dk Næstved Lokal Radio,dk_Næstved_Lokal_Radio,Commercial2,0,https://www.radio-danmark.dk/naestved-lokal-radio,,0
dk Music for dreams,dk_Music_for_dreams,Commercial2,0,https://www.radio-danmark.dk/music-for-dreams,,0
dk Radio 40plus,dk_Radio_40plus,Commercial2,0,https://www.radio-danmark.dk/radio-40plus,,0
dk Club Riva,dk_Club_Riva,Commercial2,0,https://www.radio-danmark.dk/club-riva,,0
dk NMRadio - Nida Al-Marifa Islamic Radio,dk_NMRadio_-_Nida_Al-Marifa_Islamic_Radio,Commercial2,0,https://www.radio-danmark.dk/nmradio-nida-al-marifa-islamic-radio,,0
dk Roskilde DampRadio,dk_Roskilde_DampRadio,Commercial2,0,https://www.radio-danmark.dk/roskilde-dampradio,,0
dk Station Amager,dk_Station_Amager,Commercial2,0,https://www.radio-danmark.dk/station-amager,,0
dk 432Hz-dk Danmark Vågner Radio - Royalty Free Music,dk_432Hz-dk_Danmark_Vågner_Radio_-_Royalty_Free_Music,Commercial2,0,https://www.radio-danmark.dk/danmark-vagner-radio-432hz,,0
dk Skala FM Holsted,dk_Skala_FM_Holsted,Commercial2,0,https://www.radio-danmark.dk/skala-fm-holsted,,0
dk Jule Radio,dk_Jule_Radio,Commercial2,0,https://www.radio-danmark.dk/jule-radio,,0
dk Femern FM,dk_Femern_FM,Commercial2,0,https://www.radio-danmark.dk/femern-fm,,0
dk 2Town Radio,dk_2Town_Radio,Commercial2,0,https://www.radio-danmark.dk/2town-radio,,0
dk Humleborg Online,dk_Humleborg_Online,Commercial2,0,https://www.radio-danmark.dk/humleborg-online,,0
dk LUMI Radio Aalborg,dk_LUMI_Radio_Aalborg,Commercial2,0,https://www.radio-danmark.dk/lumi-radio-aalborg,,0
dk Senior Radio,dk_Senior_Radio,Commercial2,0,https://www.radio-danmark.dk/senior-radio,,0
dk Radio LNR,dk_Radio_LNR,Commercial2,0,https://www.radio-danmark.dk/radio-lnr,,0
dk Skala FM Varde,dk_Skala_FM_Varde,Commercial2,0,https://www.radio-danmark.dk/skala-fm-varde,,0
dk Hvidovre Nær Radio 95-2 FM,dk_Hvidovre_Nær_Radio_95-2_FM,Commercial2,0,https://www.radio-danmark.dk/wlmm-hnr-952-fm,,0
dk Skala FM Ribe,dk_Skala_FM_Ribe,Commercial2,0,https://www.radio-danmark.dk/skala-fm-ribe,,0
dk Radio VLR Varde,dk_Radio_VLR_Varde,Commercial2,0,https://www.radio-danmark.dk/radio-vlr-varde,,0
dk Radiomojn-gold-dk,dk_Radiomojn-gold-dk,Commercial2,0,https://www.radio-danmark.dk/radiomojn-golddk,,0
dk Paddifusion Radio,dk_Paddifusion_Radio,Commercial2,0,https://www.radio-danmark.dk/paddifusion-radio,,0
dk Radio Projekti 21 102-9,dk_Radio_Projekti_21_102-9,Commercial2,0,https://www.radio-danmark.dk/radio-projekti-21-1029,,0
dk ABINAYAM FM,dk_ABINAYAM_FM,Commercial2,0,https://www.radio-danmark.dk/abinayam-fm,,0
dk Stalker B,dk_Stalker_B,Commercial2,0,https://www.radio-danmark.dk/stalker-b,,0
dk Nærradio Korsør,dk_Nærradio_Korsør,Commercial2,0,https://www.radio-danmark.dk/naerradio-korsor2,,0
dk stairwaytonowhere,dk_stairwaytonowhere,Commercial2,0,https://www.radio-danmark.dk/stairwaytonowhere,,0
dk Radio Harmoni,dk_Radio_Harmoni,Commercial2,0,https://www.radio-danmark.dk/radio-harmoni,,0
dk Radio Tønder,dk_Radio_Tønder,Commercial2,0,https://www.radio-danmark.dk/radio-poltergeist,,0
dk Uniradioen,dk_Uniradioen,Commercial2,0,https://www.radio-danmark.dk/uniradioen,,0
dk Stalker A,dk_Stalker_A,Commercial2,0,https://www.radio-danmark.dk/stalker-a,,0
dk Radio Randers,dk_Radio_Randers,Commercial2,0,https://www.radio-danmark.dk/radio-randers,,0
dk Radio Vesterbo,dk_Radio_Vesterbo,Commercial2,0,https://www.radio-danmark.dk/radio-vesterbo,,0
dk Nærradio Korsør,dk_Nærradio_Korsør,Commercial2,0,https://www.radio-danmark.dk/naerradio-korsor,,0
dk Radio Aura,dk_Radio_Aura,Commercial2,0,https://www.radio-danmark.dk/radio-aura,,0
dk Radio Dobre Vibracije 98-9,dk_Radio_Dobre_Vibracije_98-9,Commercial2,0,https://www.radio-danmark.dk/radio-dobre-vibracije-989,,0
dk Radio 10FM 98-2,dk_Radio_10FM_98-2,Commercial2,0,https://www.radio-danmark.dk/radio-10fm-982,,0
dk Radio Klassisk,dk_Radio_Klassisk,Commercial2,0,https://www.radio-danmark.dk/radio-klassisk,,0
dk Radio Favrskov,dk_Radio_Favrskov,Commercial2,0,https://www.radio-danmark.dk/radio-favrskov,,0
dk HeartBeats,dk_HeartBeats,Commercial2,0,https://www.radio-danmark.dk/heartbeats,,0
dk Nordsjællands Kristne Radio,dk_Nordsjællands_Kristne_Radio,Commercial2,0,https://www.radio-danmark.dk/nordsjaellands-kristne-radio,,0
dk Radio Nordjyske,dk_Radio_Nordjyske,Commercial2,0,https://www.radio-danmark.dk/radio-nordjyske,,0
dk Radio Pak Link,dk_Radio_Pak_Link,Commercial2,0,https://www.radio-danmark.dk/radio-pak-link,,0
dk Rise FM Denmark,dk_Rise_FM_Denmark,Commercial2,0,https://www.radio-danmark.dk/rise-fm-denmark,,0
dk Planet Rock,dk_Planet_Rock,Commercial2,0,https://www.radio-danmark.dk/feel-good,,0
dk The Coffee Shop,dk_The_Coffee_Shop,Commercial2,0,https://www.radio-danmark.dk/the-coffee-shop,,0
dk Pride Radio,dk_Pride_Radio,Commercial2,0,https://www.radio-danmark.dk/vi-unge-radio,,0
dk Den Tunge Radio,dk_Den_Tunge_Radio,Commercial2,0,https://www.radio-danmark.dk/den-tunge-radio,,0
dk Den2Radio,dk_Den2Radio,Commercial2,0,https://www.radio-danmark.dk/den2radio,,0
dk FRED FILM RADIO Danish,dk_FRED_FILM_RADIO_Danish,Commercial2,0,https://www.radio-danmark.dk/fred-film-radio-danish,,0
dk Pulz FM,dk_Pulz_FM,Commercial2,0,https://www.radio-danmark.dk/pulz-fm,,0
dk NRJ,dk_NRJ,Commercial2,0,https://www.radio-danmark.dk/nrj,,0
dk WEB FM,dk_WEB_FM,Commercial2,0,https://www.radio-danmark.dk/web-fm,,0
dk 24syv,dk_24syv,Commercial2,0,https://www.radio-danmark.dk/radio-loud,,0
dk MTV Radio,dk_MTV_Radio,Commercial2,0,https://www.radio-danmark.dk/mtv-radio,,0
dk ClubFM-dk,dk_ClubFM-dk,Commercial2,0,https://www.radio-danmark.dk/clubfmdk,,0
dk Radio Corona,dk_Radio_Corona,Commercial2,0,https://www.radio-danmark.dk/radio-corona,,0
dk Radio West,dk_Radio_West,Commercial2,0,https://www.radio-danmark.dk/radio-rk,,0
dk Flimmers-Partybus-dk,dk_Flimmers-Partybus-dk,Commercial2,0,https://www.radio-danmark.dk/flimmers-partybusdk,,0
dk Freja Mix,dk_Freja_Mix,Commercial2,0,https://www.radio-danmark.dk/freja-mix,,0
dk AllSound FM,dk_AllSound_FM,Commercial2,0,https://www.radio-danmark.dk/allsound-fm,,0
dk AllSound FM Worship,dk_AllSound_FM_Worship,Commercial2,0,https://www.radio-danmark.dk/allsound-fm-worship,,0
dk Radio 9220,dk_Radio_9220,Commercial2,0,https://www.radio-danmark.dk/radio-9220,,0
dk RADIO EPIC,dk_RADIO_EPIC,Commercial2,0,https://www.radio-danmark.dk/radio-epic,,0
dk Rockradio-dk,dk_Rockradio-dk,Commercial2,0,https://www.radio-danmark.dk/rockradiodk,,0
dk My Country,dk_My_Country,Commercial2,0,https://www.radio-danmark.dk/my-country,,0
dk BassFM,dk_BassFM,Commercial2,0,https://www.radio-danmark.dk/bassfm,,0
dk Feel Good Pop,dk_Feel_Good_Pop,Commercial2,0,https://www.radio-danmark.dk/feel-good-pop,,0
dk Beat City Central,dk_Beat_City_Central,Commercial2,0,https://www.radio-danmark.dk/beat-city-central,,0
dk Radio Alfa Sydfyn,dk_Radio_Alfa_Sydfyn,Commercial2,0,https://www.radio-danmark.dk/radio-alfa-sydfyn,,0
dk Online Radio ABPSP,dk_Online_Radio_ABPSP,Commercial2,0,https://www.radio-danmark.dk/online-radio-abpsp,,0
dk Radio24syv - Nyheder,dk_Radio24syv_-_Nyheder,Commercial2,0,https://www.radio-danmark.dk/radio24syv-nyheder,,0
dk DR P1 Radioavisen,dk_DR_P1_Radioavisen,Commercial2,0,https://www.radio-danmark.dk/dr-p1-radioavisen,,0
