pl RMF FM,pl_RMF_FM,<function Commercial2 at 0x000002B5215C9260>,0,https://www.radio-polska.pl/rmf-fm,,0
pl VOX FM,pl_VOX_FM,<function Commercial2 at 0x000002B5215C9260>,0,https://www.radio-polska.pl/radio-vox-fm-933,,0
pl Radio ZET,pl_Radio_ZET,<function Commercial2 at 0x000002B5215C9260>,0,https://www.radio-polska.pl/radio-zet,,0
pl Radio Złote Przeboje,pl_Radio_Złote_Przeboje,<function Commercial2 at 0x000002B5215C9260>,0,https://www.radio-polska.pl/radio-zlote-przeboje,,0
pl Tok FM,pl_Tok_FM,<function Commercial2 at 0x000002B5215C9260>,0,https://www.radio-polska.pl/tok-fm,,0
pl Radio 357,pl_Radio_357,<function Commercial2 at 0x000002B5215C9260>,0,https://www.radio-polska.pl/radio-357,,0
pl VOX DJ Mix,pl_VOX_DJ_Mix,<function Commercial2 at 0x000002B5215C9260>,0,https://www.radio-polska.pl/vox-roztanczony-pge-narodowy,,0
pl Radio ESKA Warszawa,pl_Radio_ESKA_Warszawa,<function Commercial2 at 0x000002B5215C9260>,0,https://www.radio-polska.pl/radio-eska,,0
pl Radio Nowy Świat,pl_Radio_Nowy_Świat,<function Commercial2 at 0x000002B5215C9260>,0,https://www.radio-polska.pl/radio-nowy-swiat,,0
pl Radio Party,pl_Radio_Party,<function Commercial2 at 0x000002B5215C9260>,0,https://www.radio-polska.pl/radio-party,,0
pl Polskie Radio Program III (PR3) Trójka,pl_Polskie_Radio_Program_III_(PR3)_Trójka,<function Commercial2 at 0x000002B5215C9260>,1,https://www.radio-polska.pl/polskie-radio-program-iii-pr3-trojka,,0
pl Polskie Radio Program I (PR1) Jedynka,pl_Polskie_Radio_Program_I_(PR1)_Jedynka,<function Commercial2 at 0x000002B5215C9260>,1,https://www.radio-polska.pl/polskie-radio-program-i-pr1-jedynka,,0
pl Antyradio,pl_Antyradio,<function Commercial2 at 0x000002B5215C9260>,0,https://www.radio-polska.pl/antyradio,,0
pl EskaROCK Online,pl_EskaROCK_Online,<function Commercial2 at 0x000002B5215C9260>,0,https://www.radio-polska.pl/radio-eska-rock,,0
pl Meloradio,pl_Meloradio,<function Commercial2 at 0x000002B5215C9260>,0,https://www.radio-polska.pl/radio-zet-gold,,0
pl Radio Republika,pl_Radio_Republika,<function Commercial2 at 0x000002B5215C9260>,0,https://www.radio-polska.pl/radio-republika,,0
pl Polskie Radio 24,pl_Polskie_Radio_24,<function Commercial2 at 0x000002B5215C9260>,0,https://www.radio-polska.pl/polskie-radio-24,,0
pl Radio Fest,pl_Radio_Fest,<function Commercial2 at 0x000002B5215C9260>,1,https://www.radio-polska.pl/radio-fest,,0
pl VOX Dance,pl_VOX_Dance,<function Commercial2 at 0x000002B5215C9260>,0,https://www.radio-polska.pl/vox-disco-party,,0
pl Radio Pogoda,pl_Radio_Pogoda,<function Commercial2 at 0x000002B5215C9260>,0,https://www.radio-polska.pl/radio-pogoda,,0
pl ZET Chilli,pl_ZET_Chilli,<function Commercial2 at 0x000002B5215C9260>,0,https://www.radio-polska.pl/zet-chilli,,0
pl RMF Classic,pl_RMF_Classic,<function Commercial2 at 0x000002B5215C9260>,0,https://www.radio-polska.pl/rmf-classic,,0
pl Radio WNET,pl_Radio_WNET,<function Commercial2 at 0x000002B5215C9260>,1,https://www.radio-polska.pl/radio-wnet,,0
pl Radio Maryja,pl_Radio_Maryja,<function Commercial2 at 0x000002B5215C9260>,0,https://www.radio-polska.pl/radio-maryja,,0
pl Radio PLUS,pl_Radio_PLUS,<function Commercial2 at 0x000002B5215C9260>,0,https://www.radio-polska.pl/radio-plus-polska,,0
pl RMF24,pl_RMF24,<function Commercial2 at 0x000002B5215C9260>,0,https://www.radio-polska.pl/rmf24,,0
pl ESKA Wrocław,pl_ESKA_Wrocław,<function Commercial2 at 0x000002B5215C9260>,0,https://www.radio-polska.pl/eska-wroclaw,,0
pl DiscoParty.pl - Disco Polo,pl_DiscoParty.pl_-_Disco_Polo,<function Commercial2 at 0x000002B5215C9260>,0,https://www.radio-polska.pl/discopartypl,,0
pl ESKA Impreska,pl_ESKA_Impreska,<function Commercial2 at 0x000002B5215C9260>,0,https://www.radio-polska.pl/eska-goraca-100,,0
pl Radio Club Party,pl_Radio_Club_Party,<function Commercial2 at 0x000002B5215C9260>,1,https://www.radio-polska.pl/najlepsze-party-w-sieci,,0
pl EskaROCK,pl_EskaROCK,<function Commercial2 at 0x000002B5215C9260>,0,https://www.radio-polska.pl/radio-muzofm,,0
pl Radio Piekary,pl_Radio_Piekary,<function Commercial2 at 0x000002B5215C9260>,0,https://www.radio-polska.pl/radio-piekary,,0
pl Muzyczne Radio,pl_Muzyczne_Radio,<function Commercial2 at 0x000002B5215C9260>,0,https://www.radio-polska.pl/muzyczne-radio,,0
pl Radio Party - kanał Energy 2000,pl_Radio_Party_-_kanał_Energy_2000,<function Commercial2 at 0x000002B5215C9260>,0,https://www.radio-polska.pl/radio-party-kanal-energy-2000,,0
pl Rock Radio - Warszawa,pl_Rock_Radio_-_Warszawa,<function Commercial2 at 0x000002B5215C9260>,1,https://www.radio-polska.pl/rock-radio-warszawa,,0
pl RMF Gold,pl_RMF_Gold,<function Commercial2 at 0x000002B5215C9260>,0,https://www.radio-polska.pl/rmf-gold,,0
pl Disco Radio,pl_Disco_Radio,<function Commercial2 at 0x000002B5215C9260>,0,https://www.radio-polska.pl/disco-radio,,0
pl DiscoParty.pl - Disco Impreza,pl_DiscoParty.pl_-_Disco_Impreza,<function Commercial2 at 0x000002B5215C9260>,0,https://www.radio-polska.pl/discopartypl-disco-impreza,,0
pl Radio Park FM 93.9,pl_Radio_Park_FM_93.9,<function Commercial2 at 0x000002B5215C9260>,0,https://www.radio-polska.pl/radio-park-fm-939,,0
pl Radio 7,pl_Radio_7,<function Commercial2 at 0x000002B5215C9260>,0,https://www.radio-polska.pl/radio-7,,0
pl Radio Silesia,pl_Radio_Silesia,<function Commercial2 at 0x000002B5215C9260>,0,https://www.radio-polska.pl/radio-silesia,,0
pl Radio Party - Kanał DjMixes,pl_Radio_Party_-_Kanał_DjMixes,<function Commercial2 at 0x000002B5215C9260>,0,https://www.radio-polska.pl/radio-party-kanal-djmixes,,0
pl ESKA2 Warszawa,pl_ESKA2_Warszawa,<function Commercial2 at 0x000002B5215C9260>,0,https://www.radio-polska.pl/radio-wawa,,0
pl Polskie Radio Program II (PR2) Dwójka,pl_Polskie_Radio_Program_II_(PR2)_Dwójka,<function Commercial2 at 0x000002B5215C9260>,1,https://www.radio-polska.pl/polskie-radio-program-ii-pr2-dwojka,,0
pl ESKA G20,pl_ESKA_G20,<function Commercial2 at 0x000002B5215C9260>,0,https://www.radio-polska.pl/radio-eska-warszawa,,0
pl Polskie Radio Czwórka,pl_Polskie_Radio_Czwórka,<function Commercial2 at 0x000002B5215C9260>,0,https://www.radio-polska.pl/polskie-radio-czworka,,0
pl Radio Kampus 97.1,pl_Radio_Kampus_97.1,<function Commercial2 at 0x000002B5215C9260>,0,https://www.radio-polska.pl/radio-kampus-971,,0
pl Radio Bielsko 106.7,pl_Radio_Bielsko_106.7,<function Commercial2 at 0x000002B5215C9260>,0,https://www.radio-polska.pl/radio-bielsko-1067,,0
pl ESKA Poznań,pl_ESKA_Poznań,<function Commercial2 at 0x000002B5215C9260>,0,https://www.radio-polska.pl/eska-poznan,,0
pl Radio Alex 105.2 FM,pl_Radio_Alex_105.2_FM,<function Commercial2 at 0x000002B5215C9260>,1,https://www.radio-polska.pl/radio-alex,,0
pl Radio 90,pl_Radio_90,<function Commercial2 at 0x000002B5215C9260>,1,https://www.radio-polska.pl/radio-90,,0
pl Radio Italo4you,pl_Radio_Italo4you,<function Commercial2 at 0x000002B5215C9260>,0,https://www.radio-polska.pl/radio-italo4you,,0
pl Radio RAM 89.8,pl_Radio_RAM_89.8,<function Commercial2 at 0x000002B5215C9260>,0,https://www.radio-polska.pl/pr-radio-ram-898,,0
pl Polskie Radio Kierowców,pl_Polskie_Radio_Kierowców,<function Commercial2 at 0x000002B5215C9260>,0,https://www.radio-polska.pl/polskie-radio-kierowcow,,0
pl Life 4 Club,pl_Life_4_Club,<function Commercial2 at 0x000002B5215C9260>,0,https://www.radio-polska.pl/life-4-club,,0
pl Mega Radio,pl_Mega_Radio,<function Commercial2 at 0x000002B5215C9260>,0,https://www.radio-polska.pl/mega-radio,,0
pl Radio Express,pl_Radio_Express,<function Commercial2 at 0x000002B5215C9260>,0,https://www.radio-polska.pl/radio-express,,0
pl ESKA Śląsk,pl_ESKA_Śląsk,<function Commercial2 at 0x000002B5215C9260>,0,https://www.radio-polska.pl/eska-slask,,0
pl Radio HIT,pl_Radio_HIT,<function Commercial2 at 0x000002B5215C9260>,1,https://www.radio-polska.pl/radio-hit,,0
pl RMF Polski hip hop,pl_RMF_Polski_hip_hop,<function Commercial2 at 0x000002B5215C9260>,0,https://www.radio-polska.pl/rmf-polski-hip-hop,,0
pl RMF PRL,pl_RMF_PRL,<function Commercial2 at 0x000002B5215C9260>,0,https://www.radio-polska.pl/rmf-prl,,0
pl VOX FM Best lista 2024,pl_VOX_FM_Best_lista_2024,<function Commercial2 at 0x000002B5215C9260>,0,https://www.radio-polska.pl/vox-najlepszy-koncert-swiata,,0
pl RMF Disco Polo,pl_RMF_Disco_Polo,<function Commercial2 at 0x000002B5215C9260>,0,https://www.radio-polska.pl/rmf-disco-polo,,0
pl Polskie Radio Katowice,pl_Polskie_Radio_Katowice,<function Commercial2 at 0x000002B5215C9260>,0,https://www.radio-polska.pl/pr-polskie-radio-katowice,,0
pl RMF Polskie Przeboje,pl_RMF_Polskie_Przeboje,<function Commercial2 at 0x000002B5215C9260>,0,https://www.radio-polska.pl/rmf-polskie-przeboje,,0
pl Radio Kaszebe,pl_Radio_Kaszebe,<function Commercial2 at 0x000002B5215C9260>,1,https://www.radio-polska.pl/radio-kaszebe,,0
pl DiscoParty.pl - Club,pl_DiscoParty.pl_-_Club,<function Commercial2 at 0x000002B5215C9260>,0,https://www.radio-polska.pl/discopartypl-club-mix,,0
pl RMF Polski Rock,pl_RMF_Polski_Rock,<function Commercial2 at 0x000002B5215C9260>,0,https://www.radio-polska.pl/rmf-polski-rock,,0
pl ESKA Łódź,pl_ESKA_Łódź,<function Commercial2 at 0x000002B5215C9260>,0,https://www.radio-polska.pl/eska-lodz,,0
pl VOX Disco 90,pl_VOX_Disco_90,<function Commercial2 at 0x000002B5215C9260>,0,https://www.radio-polska.pl/vox-disco-90,,2
pl Radio Heaven,pl_Radio_Heaven,<function Commercial2 at 0x000002B5215C9260>,0,https://www.radio-polska.pl/radio-heaven,,0
pl RADIO CLUB DJ,pl_RADIO_CLUB_DJ,<function Commercial2 at 0x000002B5215C9260>,1,https://www.radio-polska.pl/radio-club-dj,,0
pl Radio Kolor 103 FM,pl_Radio_Kolor_103_FM,<function Commercial2 at 0x000002B5215C9260>,1,https://www.radio-polska.pl/radio-kolor-103-fm,,0
pl ESKA Trójmiasto,pl_ESKA_Trójmiasto,<function Commercial2 at 0x000002B5215C9260>,0,https://www.radio-polska.pl/eska-trojmiasto,,0
pl Radio ZET Hits,pl_Radio_ZET_Hits,<function Commercial2 at 0x000002B5215C9260>,0,https://www.radio-polska.pl/radio-zet-hits,,0
pl RMF Dance,pl_RMF_Dance,<function Commercial2 at 0x000002B5215C9260>,0,https://www.radio-polska.pl/rmf-dance,,0
pl Radio ZET 80,pl_Radio_ZET_80,<function Commercial2 at 0x000002B5215C9260>,0,https://www.radio-polska.pl/radio-zet-80,,0
pl Radio Freee,pl_Radio_Freee,<function Commercial2 at 0x000002B5215C9260>,0,https://www.radio-polska.pl/radio-freee,,2
pl Antyradio Katowice,pl_Antyradio_Katowice,<function Commercial2 at 0x000002B5215C9260>,0,https://www.radio-polska.pl/antyradio-katowice,,0
pl Rock Radio - Kraków,pl_Rock_Radio_-_Kraków,<function Commercial2 at 0x000002B5215C9260>,1,https://www.radio-polska.pl/rock-radio-krakow,,0
pl ESKA Rap20,pl_ESKA_Rap20,<function Commercial2 at 0x000002B5215C9260>,0,https://www.radio-polska.pl/eska-rap-20,,0
pl SmoothJazz.com.pl,pl_SmoothJazz.com.pl,<function Commercial2 at 0x000002B5215C9260>,1,https://www.radio-polska.pl/smoothjazzcompl,,0
pl Radio Wroclaw 102.3,pl_Radio_Wroclaw_102.3,<function Commercial2 at 0x000002B5215C9260>,0,https://www.radio-polska.pl/pr-radio-wroclaw-1023,,0
pl RMF Rock,pl_RMF_Rock,<function Commercial2 at 0x000002B5215C9260>,0,https://www.radio-polska.pl/rmf-rock,,0
pl RMF 80s,pl_RMF_80s,<function Commercial2 at 0x000002B5215C9260>,0,https://www.radio-polska.pl/rmf-80s,,0
pl Radio Bercik Silesia,pl_Radio_Bercik_Silesia,<function Commercial2 at 0x000002B5215C9260>,1,https://www.radio-polska.pl/radio-bercik-silesia,,0
pl Radio PLUS Gdansk,pl_Radio_PLUS_Gdansk,<function Commercial2 at 0x000002B5215C9260>,0,https://www.radio-polska.pl/radio-plus-gdansk,,0
pl Rock Radio - Poznań,pl_Rock_Radio_-_Poznań,<function Commercial2 at 0x000002B5215C9260>,1,https://www.radio-polska.pl/rock-radio,,0
pl Radio PLUS Kraków,pl_Radio_PLUS_Kraków,<function Commercial2 at 0x000002B5215C9260>,0,https://www.radio-polska.pl/radio-plus-krakow,,0
pl ESKA2 Disco Polo,pl_ESKA2_Disco_Polo,<function Commercial2 at 0x000002B5215C9260>,0,https://www.radio-polska.pl/supernova-disco-polo,,0
pl InterStacja - Disco Polo,pl_InterStacja_-_Disco_Polo,<function Commercial2 at 0x000002B5215C9260>,1,https://www.radio-polska.pl/interstacja-disco-polo,,0
pl Radio Gra,pl_Radio_Gra,<function Commercial2 at 0x000002B5215C9260>,1,https://www.radio-polska.pl/radio-gra,,0
pl Radio Party - Kanał Trance,pl_Radio_Party_-_Kanał_Trance,<function Commercial2 at 0x000002B5215C9260>,0,https://www.radio-polska.pl/radio-party-kanal-trance,,0
pl Radio Poznan,pl_Radio_Poznan,<function Commercial2 at 0x000002B5215C9260>,0,https://www.radio-polska.pl/radio-poznan,,0
pl Radio Jasna Góra 100.6,pl_Radio_Jasna_Góra_100.6,<function Commercial2 at 0x000002B5215C9260>,0,https://www.radio-polska.pl/radio-jasna-gora-1006,,0
pl Radio Kraków,pl_Radio_Kraków,<function Commercial2 at 0x000002B5215C9260>,1,https://www.radio-polska.pl/pr-radio-krakow,,0
pl Radio FTB Disco Polo,pl_Radio_FTB_Disco_Polo,<function Commercial2 at 0x000002B5215C9260>,1,https://www.radio-polska.pl/radio-ftb-disco-polo,,0
pl Radio Szczecin,pl_Radio_Szczecin,<function Commercial2 at 0x000002B5215C9260>,1,https://www.radio-polska.pl/pr-radio-szczecin,,0
pl VOX Poznań,pl_VOX_Poznań,<function Commercial2 at 0x000002B5215C9260>,0,https://www.radio-polska.pl/vox-lata-90,,0
pl RMI - Italo Disco Classic,pl_RMI_-_Italo_Disco_Classic,<function Commercial2 at 0x000002B5215C9260>,0,https://www.radio-polska.pl/rmi-classic,,0
pl Rockserwis FM,pl_Rockserwis_FM,<function Commercial2 at 0x000002B5215C9260>,0,https://www.radio-polska.pl/rockserwis-fm,,0
pl ESKA Szczecin,pl_ESKA_Szczecin,<function Commercial2 at 0x000002B5215C9260>,0,https://www.radio-polska.pl/eska-szczecin,,0
pl RMF 90s,pl_RMF_90s,<function Commercial2 at 0x000002B5215C9260>,0,https://www.radio-polska.pl/rmf-90s,,0
pl EskaROCK Rock Ballads,pl_EskaROCK_Rock_Ballads,<function Commercial2 at 0x000002B5215C9260>,0,https://www.radio-polska.pl/eska-rock-rock-ballads,,0
pl Radio Gdansk,pl_Radio_Gdansk,<function Commercial2 at 0x000002B5215C9260>,0,https://www.radio-polska.pl/pr-radio-gdansk,,0
pl Radio Parada 96.0 FM,pl_Radio_Parada_96.0_FM,<function Commercial2 at 0x000002B5215C9260>,1,https://www.radio-polska.pl/radio-parada-960-fm,,0
pl Radio eM 107.6 FM,pl_Radio_eM_107.6_FM,<function Commercial2 at 0x000002B5215C9260>,1,https://www.radio-polska.pl/radio-em,,0
pl Radio MIRAGE,pl_Radio_MIRAGE,<function Commercial2 at 0x000002B5215C9260>,0,https://www.radio-polska.pl/radio-mirage,,0
pl Stacja Impreza,pl_Stacja_Impreza,<function Commercial2 at 0x000002B5215C9260>,0,https://www.radio-polska.pl/stacja-impreza,,0
pl Antyradio Classic Rock,pl_Antyradio_Classic_Rock,<function Commercial2 at 0x000002B5215C9260>,0,https://www.radio-polska.pl/antyradio-classic-rock,,0
pl Radio Rekord,pl_Radio_Rekord,<function Commercial2 at 0x000002B5215C9260>,0,https://www.radio-polska.pl/radio-rekord,,0
pl RMF 80s disco,pl_RMF_80s_disco,<function Commercial2 at 0x000002B5215C9260>,0,https://www.radio-polska.pl/rmf-80s-disco,,0
pl Disco-Mix,pl_Disco-Mix,<function Commercial2 at 0x000002B5215C9260>,0,https://www.radio-polska.pl/disco-80-90-i-polo,,0
pl ESKA2 Wrocław,pl_ESKA2_Wrocław,<function Commercial2 at 0x000002B5215C9260>,0,https://www.radio-polska.pl/supernova-wroclaw,,0
pl ESKA Rzeszów,pl_ESKA_Rzeszów,<function Commercial2 at 0x000002B5215C9260>,0,https://www.radio-polska.pl/eska-rzeszow,,0
pl DiscoParty.pl - Lata 90s,pl_DiscoParty.pl_-_Lata_90s,<function Commercial2 at 0x000002B5215C9260>,0,https://www.radio-polska.pl/discopartypl-lata-90s,,0
pl RMF Party,pl_RMF_Party,<function Commercial2 at 0x000002B5215C9260>,0,https://www.radio-polska.pl/rmf-party,,0
pl Radio Party - Kanał Vocal Trance,pl_Radio_Party_-_Kanał_Vocal_Trance,<function Commercial2 at 0x000002B5215C9260>,0,https://www.radio-polska.pl/radio-party-kanal-vocal-trance,,0
pl Radio PLUS lodz,pl_Radio_PLUS_lodz,<function Commercial2 at 0x000002B5215C9260>,0,https://www.radio-polska.pl/radio-plus-lodz,,0
pl Twoje Radio,pl_Twoje_Radio,<function Commercial2 at 0x000002B5215C9260>,1,https://www.radio-polska.pl/twoje-radio,,0
pl ESKA G100,pl_ESKA_G100,<function Commercial2 at 0x000002B5215C9260>,0,https://www.radio-polska.pl/eska-summer-city,,0
pl VOX Best Lista,pl_VOX_Best_Lista,<function Commercial2 at 0x000002B5215C9260>,0,https://www.radio-polska.pl/vox-best-lista2,,0
pl Radio Naklo,pl_Radio_Naklo,<function Commercial2 at 0x000002B5215C9260>,0,https://www.radio-polska.pl/radio-naklo,,0
pl Radio Warszawa 106.2,pl_Radio_Warszawa_106.2,<function Commercial2 at 0x000002B5215C9260>,0,https://www.radio-polska.pl/radio-warszawa-1062,,0
pl ESKA2 Kraków,pl_ESKA2_Kraków,<function Commercial2 at 0x000002B5215C9260>,0,https://www.radio-polska.pl/supernova-krakow,,0
pl RMF Classic Rock,pl_RMF_Classic_Rock,<function Commercial2 at 0x000002B5215C9260>,0,https://www.radio-polska.pl/rmf-classic-rock,,0
pl PR Pink Floyd,pl_PR_Pink_Floyd,<function Commercial2 at 0x000002B5215C9260>,1,https://www.radio-polska.pl/pr-pink-floyd,,0
pl Polskie Radio Chopin,pl_Polskie_Radio_Chopin,<function Commercial2 at 0x000002B5215C9260>,1,https://www.radio-polska.pl/polskie-radio-rytm,,0
pl Radio Leliwa,pl_Radio_Leliwa,<function Commercial2 at 0x000002B5215C9260>,0,https://www.radio-polska.pl/radio-leliwa,,0
pl Radio Dla Ciebie,pl_Radio_Dla_Ciebie,<function Commercial2 at 0x000002B5215C9260>,0,https://www.radio-polska.pl/pr-radio-dla-ciebie,,0
pl Radio Kielce 101.4,pl_Radio_Kielce_101.4,<function Commercial2 at 0x000002B5215C9260>,0,https://www.radio-polska.pl/pr-radio-kielce-1014,,0
pl Radio Plus Legnica,pl_Radio_Plus_Legnica,<function Commercial2 at 0x000002B5215C9260>,0,https://www.radio-polska.pl/radio-plus-legnica,,0
pl Radio FTB Club,pl_Radio_FTB_Club,<function Commercial2 at 0x000002B5215C9260>,0,https://www.radio-polska.pl/radioftb-kanal-club,,0
pl Twoja Poska Stacja,pl_Twoja_Poska_Stacja,<function Commercial2 at 0x000002B5215C9260>,0,https://www.radio-polska.pl/twoja-poska-stacja,,0
pl Radio PLUS Koszalin,pl_Radio_PLUS_Koszalin,<function Commercial2 at 0x000002B5215C9260>,0,https://www.radio-polska.pl/radio-plus-koszalin,,0
pl Polskie Radio Pik,pl_Polskie_Radio_Pik,<function Commercial2 at 0x000002B5215C9260>,1,https://www.radio-polska.pl/pr-polskie-radio-pik,,0
pl RMF Chillout,pl_RMF_Chillout,<function Commercial2 at 0x000002B5215C9260>,0,https://www.radio-polska.pl/rmf-chillout,,0
pl Radio ZET Polskie PL,pl_Radio_ZET_Polskie_PL,<function Commercial2 at 0x000002B5215C9260>,0,https://www.radio-polska.pl/radio-zet-polskie-pl,,0
pl RMF Muzyka Filmowa,pl_RMF_Muzyka_Filmowa,<function Commercial2 at 0x000002B5215C9260>,0,https://www.radio-polska.pl/rmf-muzyka-filmowa,,0
pl Radio Alex pl,pl_Radio_Alex_pl,<function Commercial2 at 0x000002B5215C9260>,0,https://www.radio-polska.pl/radioalexpl,,0
pl Radio Misiek - muzyka biesiadna,pl_Radio_Misiek_-_muzyka_biesiadna,<function Commercial2 at 0x000002B5215C9260>,0,https://www.radio-polska.pl/radio-misiek-muzyka-biesiadna,,0
pl DiscoParty.pl - Polska Impreza,pl_DiscoParty.pl_-_Polska_Impreza,<function Commercial2 at 0x000002B5215C9260>,0,https://www.radio-polska.pl/discopartypl-polska-impreza,,0
pl ESKA Kraków,pl_ESKA_Kraków,<function Commercial2 at 0x000002B5215C9260>,0,https://www.radio-polska.pl/eska-krakow,,0
pl RMI - Euro Disco,pl_RMI_-_Euro_Disco,<function Commercial2 at 0x000002B5215C9260>,0,https://www.radio-polska.pl/rmi-disco,,0
pl Radio Weekend,pl_Radio_Weekend,<function Commercial2 at 0x000002B5215C9260>,0,https://www.radio-polska.pl/radio-weekend,,0
pl RMI - Italo Disco New Generation,pl_RMI_-_Italo_Disco_New_Generation,<function Commercial2 at 0x000002B5215C9260>,0,https://www.radio-polska.pl/rmi-new,,0
pl Polskie Radio dzieciom,pl_Polskie_Radio_dzieciom,<function Commercial2 at 0x000002B5215C9260>,1,https://www.radio-polska.pl/polskie-radio-dzieciom,,0
pl Antyradio Hard,pl_Antyradio_Hard,<function Commercial2 at 0x000002B5215C9260>,0,https://www.radio-polska.pl/antyradio-hard,,0
pl Radio Wielkopolska,pl_Radio_Wielkopolska,<function Commercial2 at 0x000002B5215C9260>,1,https://www.radio-polska.pl/radio-wielkopolska,,0
pl Wasze Radio FM,pl_Wasze_Radio_FM,<function Commercial2 at 0x000002B5215C9260>,0,https://www.radio-polska.pl/wasze-radio-fm2,,0
pl Radio Nuta,pl_Radio_Nuta,<function Commercial2 at 0x000002B5215C9260>,0,https://www.radio-polska.pl/radio-nuta,,0
pl Radio Lódz,pl_Radio_Lódz,<function Commercial2 at 0x000002B5215C9260>,0,https://www.radio-polska.pl/pr-radio-lodz,,0
pl EskaROCK Teraz Polski Rock,pl_EskaROCK_Teraz_Polski_Rock,<function Commercial2 at 0x000002B5215C9260>,0,https://www.radio-polska.pl/eska-rock-teraz-polski-rock,,0
pl RMF 90s Dance,pl_RMF_90s_Dance,<function Commercial2 at 0x000002B5215C9260>,0,https://www.radio-polska.pl/rmf-90s-dance,,0
pl Trendy Radio,pl_Trendy_Radio,<function Commercial2 at 0x000002B5215C9260>,0,https://www.radio-polska.pl/trendy-radio,,0
pl Radio Jura,pl_Radio_Jura,<function Commercial2 at 0x000002B5215C9260>,1,https://www.radio-polska.pl/radio-jura,,0
pl RMF Blues,pl_RMF_Blues,<function Commercial2 at 0x000002B5215C9260>,0,https://www.radio-polska.pl/rmf-blues,,0
pl Radio ZET Love,pl_Radio_ZET_Love,<function Commercial2 at 0x000002B5215C9260>,0,https://www.radio-polska.pl/radio-zet-love,,0
pl ESKA Gorzów Wlkp.,pl_ESKA_Gorzów_Wlkp.,<function Commercial2 at 0x000002B5215C9260>,0,https://www.radio-polska.pl/eska-gorzow-wlkp,,0
pl RMF Hip Hop,pl_RMF_Hip_Hop,<function Commercial2 at 0x000002B5215C9260>,0,https://www.radio-polska.pl/rmf-hip-hop,,0
pl Radio Niepokalanów,pl_Radio_Niepokalanów,<function Commercial2 at 0x000002B5215C9260>,0,https://www.radio-polska.pl/radio-niepokalanow,,0
pl Radio Mbox - DISCO POLO,pl_Radio_Mbox_-_DISCO_POLO,<function Commercial2 at 0x000002B5215C9260>,1,https://www.radio-polska.pl/radio-mbox-disco-polo,,0
pl Radio ZET 90,pl_Radio_ZET_90,<function Commercial2 at 0x000002B5215C9260>,0,https://www.radio-polska.pl/radio-zet-90,,0
pl Slonsky Radio,pl_Slonsky_Radio,<function Commercial2 at 0x000002B5215C9260>,0,https://www.radio-polska.pl/slonsky-radio,,0
pl Uradio - Trance,pl_Uradio_-_Trance,<function Commercial2 at 0x000002B5215C9260>,0,https://www.radio-polska.pl/uradio-trance,,0
pl InterStacja - Eurodance,pl_InterStacja_-_Eurodance,<function Commercial2 at 0x000002B5215C9260>,1,https://www.radio-polska.pl/interstacja-eurodance,,0
pl ESKA Do Pracy,pl_ESKA_Do_Pracy,<function Commercial2 at 0x000002B5215C9260>,0,https://www.radio-polska.pl/eska-do-pracy,,0
pl ESKA Bydgoszcz,pl_ESKA_Bydgoszcz,<function Commercial2 at 0x000002B5215C9260>,0,https://www.radio-polska.pl/eska-bydgoszcz,,0
pl Radio Cyganeczka,pl_Radio_Cyganeczka,<function Commercial2 at 0x000002B5215C9260>,1,https://www.radio-polska.pl/radio-cyganeczka,,0
pl Eska Południe,pl_Eska_Południe,<function Commercial2 at 0x000002B5215C9260>,0,https://www.radio-polska.pl/eska-poludnie,,0
pl RMF Depeche Mode,pl_RMF_Depeche_Mode,<function Commercial2 at 0x000002B5215C9260>,0,https://www.radio-polska.pl/rmf-depeche-mode,,0
pl ESKA2 Trójmiasto,pl_ESKA2_Trójmiasto,<function Commercial2 at 0x000002B5215C9260>,0,https://www.radio-polska.pl/supernova-trojmiasto,,0
pl ESKA2 Łódź,pl_ESKA2_Łódź,<function Commercial2 at 0x000002B5215C9260>,0,https://www.radio-polska.pl/supernova-lodz,,0
pl RMF 70s,pl_RMF_70s,<function Commercial2 at 0x000002B5215C9260>,1,https://www.radio-polska.pl/rmf-70s,,0
pl RMF Love,pl_RMF_Love,<function Commercial2 at 0x000002B5215C9260>,0,https://www.radio-polska.pl/rmf-love,,0
pl ESKA Lublin,pl_ESKA_Lublin,<function Commercial2 at 0x000002B5215C9260>,0,https://www.radio-polska.pl/eska-lublin,,0
pl VOX Gorzów Wlkp,pl_VOX_Gorzów_Wlkp,<function Commercial2 at 0x000002B5215C9260>,0,https://www.radio-polska.pl/vox-gorzow-wlkp,,0
pl DobraStacja.pl - Disco Polo,pl_DobraStacja.pl_-_Disco_Polo,<function Commercial2 at 0x000002B5215C9260>,0,https://www.radio-polska.pl/dobrastacjapl-disco-polo,,0
pl ESKA2 Rzeszów,pl_ESKA2_Rzeszów,<function Commercial2 at 0x000002B5215C9260>,0,https://www.radio-polska.pl/supernova-rzeszow,,0
pl Radio Mbox - Club,pl_Radio_Mbox_-_Club,<function Commercial2 at 0x000002B5215C9260>,0,https://www.radio-polska.pl/radio-mbox-club,,0
pl Radio Bialystok,pl_Radio_Bialystok,<function Commercial2 at 0x000002B5215C9260>,0,https://www.radio-polska.pl/pr-radio-bialystok,,0
pl RMF Sloneczne Przeboje,pl_RMF_Sloneczne_Przeboje,<function Commercial2 at 0x000002B5215C9260>,0,https://www.radio-polska.pl/rmf-sloneczne-przeboje,,0
pl RMF Ballady,pl_RMF_Ballady,<function Commercial2 at 0x000002B5215C9260>,0,https://www.radio-polska.pl/rmf-nostalgia,,0
pl RMF Relaks,pl_RMF_Relaks,<function Commercial2 at 0x000002B5215C9260>,0,https://www.radio-polska.pl/rmf-relaks,,0
pl Radio Vanessa FM,pl_Radio_Vanessa_FM,<function Commercial2 at 0x000002B5215C9260>,0,https://www.radio-polska.pl/radio-vanessa-fm,,0
pl Radio ZET Chilli Jazz,pl_Radio_ZET_Chilli_Jazz,<function Commercial2 at 0x000002B5215C9260>,0,https://www.radio-polska.pl/radio-zet-chilli-jazz,,0
pl RMF Poplista,pl_RMF_Poplista,<function Commercial2 at 0x000002B5215C9260>,0,https://www.radio-polska.pl/rmf-poplista,,0
pl Radio Anioł Beskidów,pl_Radio_Anioł_Beskidów,<function Commercial2 at 0x000002B5215C9260>,1,https://www.radio-polska.pl/radio-aniol-beskidow,,0
pl Radio ZET Dance,pl_Radio_ZET_Dance,<function Commercial2 at 0x000002B5215C9260>,1,https://www.radio-polska.pl/radio-zet-dance,,0
pl Metal Live Radio,pl_Metal_Live_Radio,<function Commercial2 at 0x000002B5215C9260>,1,https://www.radio-polska.pl/metal-live-radio,,0
pl Radio Centrum 106.4 FM,pl_Radio_Centrum_106.4_FM,<function Commercial2 at 0x000002B5215C9260>,1,https://www.radio-polska.pl/radio-centrum-1064-fm,,0
pl RMF Szanty,pl_RMF_Szanty,<function Commercial2 at 0x000002B5215C9260>,0,https://www.radio-polska.pl/rmf-szanty,,0
pl Rock Radio - Polska,pl_Rock_Radio_-_Polska,<function Commercial2 at 0x000002B5215C9260>,0,https://www.radio-polska.pl/rock-radio-polska,,0
pl Radio BEST,pl_Radio_BEST,<function Commercial2 at 0x000002B5215C9260>,0,https://www.radio-polska.pl/radio-best,,2
pl ESKA2 Biała Podlaska,pl_ESKA2_Biała_Podlaska,<function Commercial2 at 0x000002B5215C9260>,0,https://www.radio-polska.pl/supernova-biala-podlaska,,0
pl Radio Zielona Góra 97.1FM,pl_Radio_Zielona_Góra_97.1FM,<function Commercial2 at 0x000002B5215C9260>,1,https://www.radio-polska.pl/rzg-pr-radio-zielona-gora-971,,0
pl Polskie Radio Zachód 103FM,pl_Polskie_Radio_Zachód_103FM,<function Commercial2 at 0x000002B5215C9260>,1,https://www.radio-polska.pl/rz-pr-radio-zachod,,0
pl Radio Yanosik,pl_Radio_Yanosik,<function Commercial2 at 0x000002B5215C9260>,0,https://www.radio-polska.pl/radio-yanosik,,0
pl Kanał House,pl_Kanał_House,<function Commercial2 at 0x000002B5215C9260>,0,https://www.radio-polska.pl/kanal-house,,0
pl Radio Emaus,pl_Radio_Emaus,<function Commercial2 at 0x000002B5215C9260>,0,https://www.radio-polska.pl/radio-emaus,,0
pl RDN Małopolska,pl_RDN_Małopolska,<function Commercial2 at 0x000002B5215C9260>,0,https://www.radio-polska.pl/rdn-malopolska,,0
pl Radio Warta,pl_Radio_Warta,<function Commercial2 at 0x000002B5215C9260>,0,https://www.radio-polska.pl/radio-warta,,0
pl ESKA Białystok,pl_ESKA_Białystok,<function Commercial2 at 0x000002B5215C9260>,0,https://www.radio-polska.pl/eska-bialystok,,0
pl RMF w pracy,pl_RMF_w_pracy,<function Commercial2 at 0x000002B5215C9260>,0,https://www.radio-polska.pl/rmf-w-pracy,,0
pl Polskie Radio Lublin,pl_Polskie_Radio_Lublin,<function Commercial2 at 0x000002B5215C9260>,0,https://www.radio-polska.pl/pr-polskie-radio-lublin,,0
pl RMF Reggae,pl_RMF_Reggae,<function Commercial2 at 0x000002B5215C9260>,0,https://www.radio-polska.pl/rmf-reggae,,0
pl ESKA2 Dla Dzieci,pl_ESKA2_Dla_Dzieci,<function Commercial2 at 0x000002B5215C9260>,0,https://www.radio-polska.pl/supernova-sanah,,2
pl InterStacja - Club,pl_InterStacja_-_Club,<function Commercial2 at 0x000002B5215C9260>,1,https://www.radio-polska.pl/interstacja-club,,0
pl Radio Sudety 24,pl_Radio_Sudety_24,<function Commercial2 at 0x000002B5215C9260>,0,https://www.radio-polska.pl/radio-sudety-24,,0
pl RMF Smooth Jazz,pl_RMF_Smooth_Jazz,<function Commercial2 at 0x000002B5215C9260>,0,https://www.radio-polska.pl/rmf-smooth-jazz,,0
pl ESKA Olsztyn,pl_ESKA_Olsztyn,<function Commercial2 at 0x000002B5215C9260>,0,https://www.radio-polska.pl/eska-olsztyn,,0
pl EskaROCK Klasyka Rocka,pl_EskaROCK_Klasyka_Rocka,<function Commercial2 at 0x000002B5215C9260>,0,https://www.radio-polska.pl/eska-rock-classic,,0
pl ESKA Opole,pl_ESKA_Opole,<function Commercial2 at 0x000002B5215C9260>,0,https://www.radio-polska.pl/eska-opole,,0
pl Antyradio Ballads,pl_Antyradio_Ballads,<function Commercial2 at 0x000002B5215C9260>,0,https://www.radio-polska.pl/antyradio-ballads,,0
pl DANCE FM WROCŁAW,pl_DANCE_FM_WROCŁAW,<function Commercial2 at 0x000002B5215C9260>,0,https://www.radio-polska.pl/dance-fm-wroclaw,,0
pl Radio FAMA,pl_Radio_FAMA,<function Commercial2 at 0x000002B5215C9260>,1,https://www.radio-polska.pl/radio-fama,,0
pl RMF Disco,pl_RMF_Disco,<function Commercial2 at 0x000002B5215C9260>,0,https://www.radio-polska.pl/rmf-disco,,0
pl Radio Doxa FM,pl_Radio_Doxa_FM,<function Commercial2 at 0x000002B5215C9260>,1,https://www.radio-polska.pl/radio-doxa-fm,,0
pl ESKA2 Polskie Na Czasie,pl_ESKA2_Polskie_Na_Czasie,<function Commercial2 at 0x000002B5215C9260>,0,https://www.radio-polska.pl/supernova-super-13,,0
pl Radio Opole,pl_Radio_Opole,<function Commercial2 at 0x000002B5215C9260>,1,https://www.radio-polska.pl/pr-radio-opole,,0
pl RMF Baby dla dzieci,pl_RMF_Baby_dla_dzieci,<function Commercial2 at 0x000002B5215C9260>,0,https://www.radio-polska.pl/rmf-baby,,0
pl Przeboje PRL,pl_Przeboje_PRL,<function Commercial2 at 0x000002B5215C9260>,0,https://www.radio-polska.pl/przeboje-prl,,0
pl Radio Elka Leszno,pl_Radio_Elka_Leszno,<function Commercial2 at 0x000002B5215C9260>,1,https://www.radio-polska.pl/radio-elka-leszno,,0
pl RMF Hard & Heavy,pl_RMF_Hard_&_Heavy,<function Commercial2 at 0x000002B5215C9260>,0,https://www.radio-polska.pl/rmf-hard-heavy,,0
pl Meloradio Poznań,pl_Meloradio_Poznań,<function Commercial2 at 0x000002B5215C9260>,0,https://www.radio-polska.pl/meloradio-poznan,,0
pl Radio Olsztyn,pl_Radio_Olsztyn,<function Commercial2 at 0x000002B5215C9260>,0,https://www.radio-polska.pl/pr-radio-olsztyn,,0
pl ESKA2 Szczecin,pl_ESKA2_Szczecin,<function Commercial2 at 0x000002B5215C9260>,0,https://www.radio-polska.pl/supernova-szczecin,,0
pl RadioJAZZ.FM,pl_RadioJAZZ.FM,<function Commercial2 at 0x000002B5215C9260>,0,https://www.radio-polska.pl/radio-jazz-fm,,0
pl RMF Chopin,pl_RMF_Chopin,<function Commercial2 at 0x000002B5215C9260>,0,https://www.radio-polska.pl/rmf-chopin,,0
pl PR MC Radio,pl_PR_MC_Radio,<function Commercial2 at 0x000002B5215C9260>,0,https://www.radio-polska.pl/pr-mc-radio,,0
pl RMF Top 30 disco polo,pl_RMF_Top_30_disco_polo,<function Commercial2 at 0x000002B5215C9260>,0,https://www.radio-polska.pl/rmf-top-30-disco-polo,,0
pl Antyradio Made in Poland,pl_Antyradio_Made_in_Poland,<function Commercial2 at 0x000002B5215C9260>,0,https://www.radio-polska.pl/antyradio-made-in-poland,,0
pl Radio Rodzina,pl_Radio_Rodzina,<function Commercial2 at 0x000002B5215C9260>,1,https://www.radio-polska.pl/katolickie-radio-rodzina,,0
pl Radio 5,pl_Radio_5,<function Commercial2 at 0x000002B5215C9260>,0,https://www.radio-polska.pl/radio-5,,0
pl Radio Żuławy 106.4 FM,pl_Radio_Żuławy_106.4_FM,<function Commercial2 at 0x000002B5215C9260>,1,https://www.radio-polska.pl/radio-zulawy,,0
pl Radio PLUS Lublin,pl_Radio_PLUS_Lublin,<function Commercial2 at 0x000002B5215C9260>,0,https://www.radio-polska.pl/radio-plus-warszawa,,0
pl RMF 5 Łagodne Przeboje,pl_RMF_5_Łagodne_Przeboje,<function Commercial2 at 0x000002B5215C9260>,0,https://www.radio-polska.pl/rmf-5,,0
pl Katolickie Radio Podlasie,pl_Katolickie_Radio_Podlasie,<function Commercial2 at 0x000002B5215C9260>,1,https://www.radio-polska.pl/katolickie-radio-podlasie,,0
pl RMF Top 2021 Disco Polo,pl_RMF_Top_2021_Disco_Polo,<function Commercial2 at 0x000002B5215C9260>,0,https://www.radio-polska.pl/rmf-top-2021-disco-polo,,0
pl RMF Swieta,pl_RMF_Swieta,<function Commercial2 at 0x000002B5215C9260>,0,https://www.radio-polska.pl/rmf-swieta,,0
pl RMF MAXX Włocławek,pl_RMF_MAXX_Włocławek,<function Commercial2 at 0x000002B5215C9260>,0,https://www.radio-polska.pl/rmf-maxx-wloclawek,,0
pl RMF Niezapomniane melodie,pl_RMF_Niezapomniane_melodie,<function Commercial2 at 0x000002B5215C9260>,0,https://www.radio-polska.pl/rmf-niezapomniane-melodie,,0
pl Radio ZET Party,pl_Radio_ZET_Party,<function Commercial2 at 0x000002B5215C9260>,0,https://www.radio-polska.pl/radio-zet-party,,0
pl RMF Muzyka klasyczna,pl_RMF_Muzyka_klasyczna,<function Commercial2 at 0x000002B5215C9260>,0,https://www.radio-polska.pl/rmf-muzyka-klasyczna,,0
pl RMF 2 Pop,pl_RMF_2_Pop,<function Commercial2 at 0x000002B5215C9260>,0,https://www.radio-polska.pl/rmf-2-pop,,0
pl Radio Ziemi Wieluńskiej,pl_Radio_Ziemi_Wieluńskiej,<function Commercial2 at 0x000002B5215C9260>,0,https://www.radio-polska.pl/radio-ziemi-wielunskiej,,0
pl ESKA2 Toruń,pl_ESKA2_Toruń,<function Commercial2 at 0x000002B5215C9260>,0,https://www.radio-polska.pl/supernova-torun,,0
pl ESKA2 Polski Rock,pl_ESKA2_Polski_Rock,<function Commercial2 at 0x000002B5215C9260>,0,https://www.radio-polska.pl/supernova-rock,,0
pl Radio Szczecin Extra,pl_Radio_Szczecin_Extra,<function Commercial2 at 0x000002B5215C9260>,0,https://www.radio-polska.pl/radio-szczecin-extra,,0
pl POP Radio,pl_POP_Radio,<function Commercial2 at 0x000002B5215C9260>,1,https://www.radio-polska.pl/pop-radio,,0
pl Polskie Radio Rzeszów,pl_Polskie_Radio_Rzeszów,<function Commercial2 at 0x000002B5215C9260>,0,https://www.radio-polska.pl/pr-polskie-radio-rzeszow,,0
pl Radio Jard,pl_Radio_Jard,<function Commercial2 at 0x000002B5215C9260>,1,https://www.radio-polska.pl/radio-jard,,0
pl Radio Yanosik Rock,pl_Radio_Yanosik_Rock,<function Commercial2 at 0x000002B5215C9260>,0,https://www.radio-polska.pl/radio-yanosik-2,,0
pl Radio Afera 98.6 FM,pl_Radio_Afera_98.6_FM,<function Commercial2 at 0x000002B5215C9260>,0,https://www.radio-polska.pl/radio-afera-986-fm,,0
pl Radio Baobab,pl_Radio_Baobab,<function Commercial2 at 0x000002B5215C9260>,1,https://www.radio-polska.pl/radio-baobab,,0
pl BEST Radio,pl_BEST_Radio,<function Commercial2 at 0x000002B5215C9260>,1,https://www.radio-polska.pl/best-radio,,0
pl Radio ZET 2000,pl_Radio_ZET_2000,<function Commercial2 at 0x000002B5215C9260>,0,https://www.radio-polska.pl/radio-zet-2000,,0
pl ESKA Tarnów,pl_ESKA_Tarnów,<function Commercial2 at 0x000002B5215C9260>,0,https://www.radio-polska.pl/eska-tarnow,,0
pl RMF Queen,pl_RMF_Queen,<function Commercial2 at 0x000002B5215C9260>,0,https://www.radio-polska.pl/rmf-queen,,0
pl RMF 60s,pl_RMF_60s,<function Commercial2 at 0x000002B5215C9260>,0,https://www.radio-polska.pl/rmf-60s,,0
pl Radio VIA,pl_Radio_VIA,<function Commercial2 at 0x000002B5215C9260>,1,https://www.radio-polska.pl/katolickie-radio-rzeszow-via,,0
pl Radio ZET Chilli Soul,pl_Radio_ZET_Chilli_Soul,<function Commercial2 at 0x000002B5215C9260>,0,https://www.radio-polska.pl/radio-zet-chilli-soul,,0
pl VOX Radom,pl_VOX_Radom,<function Commercial2 at 0x000002B5215C9260>,0,https://www.radio-polska.pl/vox-radom,,2
pl Radio PLUS Radom,pl_Radio_PLUS_Radom,<function Commercial2 at 0x000002B5215C9260>,1,https://www.radio-polska.pl/radio-plus-radom2,,0
pl Radio Tychy,pl_Radio_Tychy,<function Commercial2 at 0x000002B5215C9260>,0,https://www.radio-polska.pl/radio-tychy,,0
pl Radio Muzyka Dwoch Serc,pl_Radio_Muzyka_Dwoch_Serc,<function Commercial2 at 0x000002B5215C9260>,0,https://www.radio-polska.pl/radio-muzyka-dwoch-serc,,0
pl Norda FM,pl_Norda_FM,<function Commercial2 at 0x000002B5215C9260>,0,https://www.radio-polska.pl/norda-fm,,0
pl Punkowe Radio Underground,pl_Punkowe_Radio_Underground,<function Commercial2 at 0x000002B5215C9260>,0,https://www.radio-polska.pl/punkowe-radio-underground,,0
pl Radio ZET Chilli Deep,pl_Radio_ZET_Chilli_Deep,<function Commercial2 at 0x000002B5215C9260>,0,https://www.radio-polska.pl/radio-zet-chilli-deep,,0
pl Radio Disco Polo Non Stop FM,pl_Radio_Disco_Polo_Non_Stop_FM,<function Commercial2 at 0x000002B5215C9260>,0,https://www.radio-polska.pl/radio-disco-polo-non-stop-fm,,0
pl Disco Polo RadioMax.pl,pl_Disco_Polo_RadioMax.pl,<function Commercial2 at 0x000002B5215C9260>,0,https://www.radio-polska.pl/disco-polo-radiomaxpl,,0
pl Radio Gorzów 95.6FM,pl_Radio_Gorzów_95.6FM,<function Commercial2 at 0x000002B5215C9260>,1,https://www.radio-polska.pl/pr-radio-gorzow,,0
pl ESKA Ostrów-Kalisz,pl_ESKA_Ostrów-Kalisz,<function Commercial2 at 0x000002B5215C9260>,0,https://www.radio-polska.pl/eska-ostrow-kalisz,,0
pl Radio ZET Chilli Ladies,pl_Radio_ZET_Chilli_Ladies,<function Commercial2 at 0x000002B5215C9260>,0,https://www.radio-polska.pl/radio-zet-chilli-ladies,,0
pl ESKA2 Kultowe Polskie,pl_ESKA2_Kultowe_Polskie,<function Commercial2 at 0x000002B5215C9260>,0,https://www.radio-polska.pl/supernova-classic,,0
pl Goa Channel One,pl_Goa_Channel_One,<function Commercial2 at 0x000002B5215C9260>,0,https://www.radio-polska.pl/goa-channel-one,,0
pl Radio ZET Latino,pl_Radio_ZET_Latino,<function Commercial2 at 0x000002B5215C9260>,0,https://www.radio-polska.pl/radio-zet-klasyka-pop,,0
pl ESKA2 Opole,pl_ESKA2_Opole,<function Commercial2 at 0x000002B5215C9260>,0,https://www.radio-polska.pl/supernova-opole,,0
pl RMF Polska prywatka,pl_RMF_Polska_prywatka,<function Commercial2 at 0x000002B5215C9260>,0,https://www.radio-polska.pl/rmf-polska-prywatka,,0
pl Radio Chrześcijanin - Biblia,pl_Radio_Chrześcijanin_-_Biblia,<function Commercial2 at 0x000002B5215C9260>,1,https://www.radio-polska.pl/radio-chrzescijanin-biblia,,0
pl ESKA Radom,pl_ESKA_Radom,<function Commercial2 at 0x000002B5215C9260>,0,https://www.radio-polska.pl/eska-radom,,0
pl RMF Club,pl_RMF_Club,<function Commercial2 at 0x000002B5215C9260>,0,https://www.radio-polska.pl/rmf-club,,0
pl RDN Nowy Sacz,pl_RDN_Nowy_Sacz,<function Commercial2 at 0x000002B5215C9260>,0,https://www.radio-polska.pl/rdn-nowy-sacz,,0
pl Radio Impuls 97.2 FM,pl_Radio_Impuls_97.2_FM,<function Commercial2 at 0x000002B5215C9260>,0,https://www.radio-polska.pl/radio-impuls-972-fm,,0
pl Radio Strefa FM,pl_Radio_Strefa_FM,<function Commercial2 at 0x000002B5215C9260>,0,https://www.radio-polska.pl/radio-strefa-fm,,0
pl Radio Romans,pl_Radio_Romans,<function Commercial2 at 0x000002B5215C9260>,1,https://www.radio-polska.pl/radio-romans,,0
pl Radio PLUS Szczecin,pl_Radio_PLUS_Szczecin,<function Commercial2 at 0x000002B5215C9260>,0,https://www.radio-polska.pl/radio-plus-szczecin,,0
pl Antyradio Greatest,pl_Antyradio_Greatest,<function Commercial2 at 0x000002B5215C9260>,0,https://www.radio-polska.pl/antyradio-greatest,,0
pl ESKA Zielona Góra,pl_ESKA_Zielona_Góra,<function Commercial2 at 0x000002B5215C9260>,0,https://www.radio-polska.pl/eska-zielona-gora,,0
pl Radio ZET Kids,pl_Radio_ZET_Kids,<function Commercial2 at 0x000002B5215C9260>,1,https://www.radio-polska.pl/radio-zet-kids,,0
pl RMF 4 Dance e RNB,pl_RMF_4_Dance_e_RNB,<function Commercial2 at 0x000002B5215C9260>,0,https://www.radio-polska.pl/rmf-4,,0
pl Akademickie Radio Centrum,pl_Akademickie_Radio_Centrum,<function Commercial2 at 0x000002B5215C9260>,0,https://www.radio-polska.pl/akademickie-radio-centrum,,2
pl RMF Kolędy,pl_RMF_Kolędy,<function Commercial2 at 0x000002B5215C9260>,0,https://www.radio-polska.pl/rmf-koledy,,0
pl Radio Gra Wroclaw,pl_Radio_Gra_Wroclaw,<function Commercial2 at 0x000002B5215C9260>,0,https://www.radio-polska.pl/radio-gra-wroclaw,,0
pl RMF 50s,pl_RMF_50s,<function Commercial2 at 0x000002B5215C9260>,0,https://www.radio-polska.pl/rmf-50s,,0
pl Radio Zawiercie,pl_Radio_Zawiercie,<function Commercial2 at 0x000002B5215C9260>,1,https://www.radio-polska.pl/radio-zawiercie,,0
pl RMF Maxxx Hop Bec,pl_RMF_Maxxx_Hop_Bec,<function Commercial2 at 0x000002B5215C9260>,0,https://www.radio-polska.pl/rmf-maxxx-hop-bec,,0
pl Disco Strefa FM,pl_Disco_Strefa_FM,<function Commercial2 at 0x000002B5215C9260>,0,https://www.radio-polska.pl/disco-strefa-fm,,0
pl ESKA Kielce,pl_ESKA_Kielce,<function Commercial2 at 0x000002B5215C9260>,0,https://www.radio-polska.pl/eska-kielce,,0
pl Radio Tatry,pl_Radio_Tatry,<function Commercial2 at 0x000002B5215C9260>,1,https://www.radio-polska.pl/radio-tatry,,0
pl Planeta Hitów,pl_Planeta_Hitów,<function Commercial2 at 0x000002B5215C9260>,0,https://www.radio-polska.pl/planeta-hitow,,0
pl RMF 70s disco,pl_RMF_70s_disco,<function Commercial2 at 0x000002B5215C9260>,0,https://www.radio-polska.pl/rmf-70s-disco,,0
pl EskaROCK Dobrze Rockuje,pl_EskaROCK_Dobrze_Rockuje,<function Commercial2 at 0x000002B5215C9260>,0,https://www.radio-polska.pl/eska-rock-dobrze-rockuje,,0
pl BBC World Service,pl_BBC_World_Service,<function Commercial2 at 0x000002B5215C9260>,0,https://www.radio-polska.pl/sg/bbc-world-service,,0
pl Radio Koszalin,pl_Radio_Koszalin,<function Commercial2 at 0x000002B5215C9260>,0,https://www.radio-polska.pl/radio-koszalin,,0
pl Radio 100,pl_Radio_100,<function Commercial2 at 0x000002B5215C9260>,0,https://www.radio-polska.pl/radio-100,,0
pl RMF Best of Krzysztof Krawczyk,pl_RMF_Best_of_Krzysztof_Krawczyk,<function Commercial2 at 0x000002B5215C9260>,0,https://www.radio-polska.pl/rmf-best-of-krzysztof-krawczyk,,0
pl Minimal Mix Radio,pl_Minimal_Mix_Radio,<function Commercial2 at 0x000002B5215C9260>,0,https://www.radio-polska.pl/minimal-mix-radio,,0
pl Radio FTB Rap Music,pl_Radio_FTB_Rap_Music,<function Commercial2 at 0x000002B5215C9260>,0,https://www.radio-polska.pl/radio-ftb-trance,,0
pl Konin FM 104.1,pl_Konin_FM_104.1,<function Commercial2 at 0x000002B5215C9260>,0,https://www.radio-polska.pl/konin-fm-1041,,0
pl RMF 3,pl_RMF_3,<function Commercial2 at 0x000002B5215C9260>,0,https://www.radio-polska.pl/rmf-3,,0
pl JAZZKULTURA,pl_JAZZKULTURA,<function Commercial2 at 0x000002B5215C9260>,0,https://www.radio-polska.pl/jazzkultura,,0
pl RMF Rock Progresywny,pl_RMF_Rock_Progresywny,<function Commercial2 at 0x000002B5215C9260>,0,https://www.radio-polska.pl/rmf-rock-progresywny,,0
pl Radio Ostrowiec,pl_Radio_Ostrowiec,<function Commercial2 at 0x000002B5215C9260>,0,https://www.radio-polska.pl/radio-ostrowiec,,0
pl RM80,pl_RM80,<function Commercial2 at 0x000002B5215C9260>,0,https://www.radio-polska.pl/rm80,,0
pl Nasze Radio nostalgicznie,pl_Nasze_Radio_nostalgicznie,<function Commercial2 at 0x000002B5215C9260>,0,https://www.radio-polska.pl/nasze-radio-usa,,0
pl Mijają lata zostają piosenki,pl_Mijają_lata_zostają_piosenki,<function Commercial2 at 0x000002B5215C9260>,1,https://www.radio-polska.pl/mijaja-lata-zostaja-piosenki,,0
pl CYBERStacja,pl_CYBERStacja,<function Commercial2 at 0x000002B5215C9260>,1,https://www.radio-polska.pl/cyberstacja,,0
pl Meloradio Olsztyn,pl_Meloradio_Olsztyn,<function Commercial2 at 0x000002B5215C9260>,0,https://www.radio-polska.pl/meloradio-olsztyn,,0
pl Super FM,pl_Super_FM,<function Commercial2 at 0x000002B5215C9260>,0,https://www.radio-polska.pl/super-fm,,0
pl Radio PLONSK 93.6 FM,pl_Radio_PLONSK_93.6_FM,<function Commercial2 at 0x000002B5215C9260>,0,https://www.radio-polska.pl/radio-plonsk-936-fm,,0
pl Radio FARA,pl_Radio_FARA,<function Commercial2 at 0x000002B5215C9260>,1,https://www.radio-polska.pl/radio-fara,,0
pl RADIO FOX,pl_RADIO_FOX,<function Commercial2 at 0x000002B5215C9260>,0,https://www.radio-polska.pl/radio-fox,,0
pl ESKA Płock,pl_ESKA_Płock,<function Commercial2 at 0x000002B5215C9260>,0,https://www.radio-polska.pl/eska-plock,,0
pl InterStacja,pl_InterStacja,<function Commercial2 at 0x000002B5215C9260>,1,https://www.radio-polska.pl/interstacja,,0
pl Radio Podhale,pl_Radio_Podhale,<function Commercial2 at 0x000002B5215C9260>,1,https://www.radio-polska.pl/radio-podahle,,0
pl Radio ZET Same Hity,pl_Radio_ZET_Same_Hity,<function Commercial2 at 0x000002B5215C9260>,0,https://www.radio-polska.pl/radio-zet-same-hity,,0
pl InterStacja - Najnowsze Hity,pl_InterStacja_-_Najnowsze_Hity,<function Commercial2 at 0x000002B5215C9260>,1,https://www.radio-polska.pl/interstacja-najnowsze-hity,,0
pl Radio PLUS Olsztyn,pl_Radio_PLUS_Olsztyn,<function Commercial2 at 0x000002B5215C9260>,0,https://www.radio-polska.pl/radio-plus-olsztyn,,0
pl ESKA Zamość,pl_ESKA_Zamość,<function Commercial2 at 0x000002B5215C9260>,0,https://www.radio-polska.pl/eska-zamosc,,0
pl Radio Kraków Kultura,pl_Radio_Kraków_Kultura,<function Commercial2 at 0x000002B5215C9260>,0,https://www.radio-polska.pl/radio-krakow-kultura,,0
pl Radio PLUS Gniezno,pl_Radio_PLUS_Gniezno,<function Commercial2 at 0x000002B5215C9260>,0,https://www.radio-polska.pl/radio-plus-gniezno,,0
pl ESKA Łomża,pl_ESKA_Łomża,<function Commercial2 at 0x000002B5215C9260>,0,https://www.radio-polska.pl/eska-lomza,,0
pl JUMP Radio,pl_JUMP_Radio,<function Commercial2 at 0x000002B5215C9260>,1,https://www.radio-polska.pl/jump-radio,,0
pl ESKA2 Stalowa Wola,pl_ESKA2_Stalowa_Wola,<function Commercial2 at 0x000002B5215C9260>,0,https://www.radio-polska.pl/supernova-stalowa-wola,,0
pl Off Radio Kraków,pl_Off_Radio_Kraków,<function Commercial2 at 0x000002B5215C9260>,1,https://www.radio-polska.pl/off-radio-krakow,,0
pl RMF Michael Jackson,pl_RMF_Michael_Jackson,<function Commercial2 at 0x000002B5215C9260>,0,https://www.radio-polska.pl/rmf-michael-jackson,,0
pl Radio Chrystusa krola,pl_Radio_Chrystusa_krola,<function Commercial2 at 0x000002B5215C9260>,1,https://www.radio-polska.pl/radio-chrystusa-krola,,0
pl InterStacja - Oldies,pl_InterStacja_-_Oldies,<function Commercial2 at 0x000002B5215C9260>,1,https://www.radio-polska.pl/interstacja-oldies,,0
pl RMF Lady Pank,pl_RMF_Lady_Pank,<function Commercial2 at 0x000002B5215C9260>,0,https://www.radio-polska.pl/rmf-lady-pank,,0
pl Freechannel-Chillout,pl_Freechannel-Chillout,<function Commercial2 at 0x000002B5215C9260>,0,https://www.radio-polska.pl/freechannel-chilout,,0
pl ESKA Leszno,pl_ESKA_Leszno,<function Commercial2 at 0x000002B5215C9260>,0,https://www.radio-polska.pl/eska-leszno,,0
pl Radio Rekord Swietokrzyskie,pl_Radio_Rekord_Swietokrzyskie,<function Commercial2 at 0x000002B5215C9260>,0,https://www.radio-polska.pl/radio-rekord-swietokrzyskie,,0
pl RMF Top 30 święta,pl_RMF_Top_30_święta,<function Commercial2 at 0x000002B5215C9260>,0,https://www.radio-polska.pl/rmf-top-30-swieta,,0
pl Radio Rózaniec,pl_Radio_Rózaniec,<function Commercial2 at 0x000002B5215C9260>,1,https://www.radio-polska.pl/radio-rozaniec,,0
pl Radio Fiat,pl_Radio_Fiat,<function Commercial2 at 0x000002B5215C9260>,0,https://www.radio-polska.pl/radio-fiat,,0
pl Radio Glos,pl_Radio_Glos,<function Commercial2 at 0x000002B5215C9260>,1,https://www.radio-polska.pl/radio-glos,,0
pl InterStacja - Polskie Hity,pl_InterStacja_-_Polskie_Hity,<function Commercial2 at 0x000002B5215C9260>,1,https://www.radio-polska.pl/interstacja-polskie-hity,,0
pl Radio Zamek Nadaje,pl_Radio_Zamek_Nadaje,<function Commercial2 at 0x000002B5215C9260>,1,https://www.radio-polska.pl/radio-zamek-nadaje,,0
pl Radio Famka,pl_Radio_Famka,<function Commercial2 at 0x000002B5215C9260>,1,https://www.radio-polska.pl/radio-famka,,0
pl ESKA Grudziądz,pl_ESKA_Grudziądz,<function Commercial2 at 0x000002B5215C9260>,0,https://www.radio-polska.pl/eska-grudziadz,,0
pl Akademickie Radio LUZ,pl_Akademickie_Radio_LUZ,<function Commercial2 at 0x000002B5215C9260>,1,https://www.radio-polska.pl/akademickie-radio-luz,,0
pl Gdynia Radio,pl_Gdynia_Radio,<function Commercial2 at 0x000002B5215C9260>,0,https://www.radio-polska.pl/gdynia-radio,,0
pl 247PolkaHeaven,pl_247PolkaHeaven,<function Commercial2 at 0x000002B5215C9260>,1,https://www.radio-polska.pl/247polkaheaven,,0
pl RMF Celtic,pl_RMF_Celtic,<function Commercial2 at 0x000002B5215C9260>,0,https://www.radio-polska.pl/rmf-celtic,,0
pl Katolickie Radio Zamosc,pl_Katolickie_Radio_Zamosc,<function Commercial2 at 0x000002B5215C9260>,1,https://www.radio-polska.pl/katolickie-radio-zamosc,,0
pl Radio Forever 80s,pl_Radio_Forever_80s,<function Commercial2 at 0x000002B5215C9260>,1,https://www.radio-polska.pl/radio-forever-80s,,0
pl RMF Piosenka Literacka,pl_RMF_Piosenka_Literacka,<function Commercial2 at 0x000002B5215C9260>,0,https://www.radio-polska.pl/rmf-piosenka-literacka,,0
pl RMF Fitness,pl_RMF_Fitness,<function Commercial2 at 0x000002B5215C9260>,0,https://www.radio-polska.pl/rmf-fitness,,0
pl RMF 2000,pl_RMF_2000,<function Commercial2 at 0x000002B5215C9260>,0,https://www.radio-polska.pl/rmf-2000,,0
pl RMF Beatle Mania,pl_RMF_Beatle_Mania,<function Commercial2 at 0x000002B5215C9260>,0,https://www.radio-polska.pl/rmf-beatle-mania,,0
pl ESKA2 Nowy Sącz,pl_ESKA2_Nowy_Sącz,<function Commercial2 at 0x000002B5215C9260>,0,https://www.radio-polska.pl/supernova-nowy-sacz,,0
pl Radio Jard 2,pl_Radio_Jard_2,<function Commercial2 at 0x000002B5215C9260>,1,https://www.radio-polska.pl/radio-jard-2,,0
pl RMF Latino,pl_RMF_Latino,<function Commercial2 at 0x000002B5215C9260>,0,https://www.radio-polska.pl/rmf-latino,,0
pl RMF Muzykz Klzsyczna,pl_RMF_Muzykz_Klzsyczna,<function Commercial2 at 0x000002B5215C9260>,0,https://www.radio-polska.pl/rmf-muzykz-klzsyczna,,0
pl Radio Arkadia,pl_Radio_Arkadia,<function Commercial2 at 0x000002B5215C9260>,0,https://www.radio-polska.pl/radio-arkadia,,0
pl Radio Sud,pl_Radio_Sud,<function Commercial2 at 0x000002B5215C9260>,0,https://www.radio-polska.pl/radio-sud,,0
pl Radio Victoria,pl_Radio_Victoria,<function Commercial2 at 0x000002B5215C9260>,0,https://www.radio-polska.pl/radio-victoria,,0
pl Radio Świnoujście,pl_Radio_Świnoujście,<function Commercial2 at 0x000002B5215C9260>,1,https://www.radio-polska.pl/radio-swinoujscie,,0
pl Radio Kujawy,pl_Radio_Kujawy,<function Commercial2 at 0x000002B5215C9260>,0,https://www.radio-polska.pl/radio-kujawy,,0
pl RMF Przeboj Roku,pl_RMF_Przeboj_Roku,<function Commercial2 at 0x000002B5215C9260>,0,https://www.radio-polska.pl/rmf-przeboj-roku,,0
pl Radio Marconi,pl_Radio_Marconi,<function Commercial2 at 0x000002B5215C9260>,0,https://www.radio-polska.pl/rm24fun,,0
pl Radio Q 100.7 FM,pl_Radio_Q_100.7_FM,<function Commercial2 at 0x000002B5215C9260>,1,https://www.radio-polska.pl/radio-q-1007-fm,,0
pl Radio Poland,pl_Radio_Poland,<function Commercial2 at 0x000002B5215C9260>,1,https://www.radio-polska.pl/radio-poland,,0
pl Goryl Radio,pl_Goryl_Radio,<function Commercial2 at 0x000002B5215C9260>,0,https://www.radio-polska.pl/goryl-radio,,0
pl ESKA Elbląg,pl_ESKA_Elbląg,<function Commercial2 at 0x000002B5215C9260>,0,https://www.radio-polska.pl/eska-elblag,,0
pl Radio Wroclaw Kultura,pl_Radio_Wroclaw_Kultura,<function Commercial2 at 0x000002B5215C9260>,1,https://www.radio-polska.pl/radio-wroclaw-kultura,,0
pl ESKA Koszalin,pl_ESKA_Koszalin,<function Commercial2 at 0x000002B5215C9260>,0,https://www.radio-polska.pl/eska-koszalin,,0
pl Z archiwum R Wolna Europa,pl_Z_archiwum_R_Wolna_Europa,<function Commercial2 at 0x000002B5215C9260>,1,https://www.radio-polska.pl/z-archiwum-r-wolna-europa,,0
pl Radio Radom 87.7 FM,pl_Radio_Radom_87.7_FM,<function Commercial2 at 0x000002B5215C9260>,0,https://www.radio-polska.pl/radio-radom-877-fm,,0
pl Radio Malbork 90.4 FM,pl_Radio_Malbork_90.4_FM,<function Commercial2 at 0x000002B5215C9260>,0,https://www.radio-polska.pl/radio-malbork-904-fm,,0
pl Radio Aniołek - religijne,pl_Radio_Aniołek_-_religijne,<function Commercial2 at 0x000002B5215C9260>,0,https://www.radio-polska.pl/radio-aniolek-religijne,,0
pl ESKA2 Kielce,pl_ESKA2_Kielce,<function Commercial2 at 0x000002B5215C9260>,0,https://www.radio-polska.pl/supernova-kielce,,0
pl Radio Chillizet World Jazz,pl_Radio_Chillizet_World_Jazz,<function Commercial2 at 0x000002B5215C9260>,0,https://www.radio-polska.pl/radio-zet-world-jazz,,0
pl Antyradio Unplugged,pl_Antyradio_Unplugged,<function Commercial2 at 0x000002B5215C9260>,0,https://www.radio-polska.pl/antyradio-unplugged,,0
pl Radio Starogard,pl_Radio_Starogard,<function Commercial2 at 0x000002B5215C9260>,0,https://www.radio-polska.pl/radio-starogard,,0
pl ESKA Piła,pl_ESKA_Piła,<function Commercial2 at 0x000002B5215C9260>,0,https://www.radio-polska.pl/eska-pila,,0
pl Radio Kolobrzeg,pl_Radio_Kolobrzeg,<function Commercial2 at 0x000002B5215C9260>,1,https://www.radio-polska.pl/radio-kolobrzeg,,0
pl Radio ONY 93.1 FM,pl_Radio_ONY_93.1_FM,<function Commercial2 at 0x000002B5215C9260>,0,https://www.radio-polska.pl/radio-ony-931-fm,,2
pl Radio GRA 95.1 Wrocław,pl_Radio_GRA_95.1_Wrocław,<function Commercial2 at 0x000002B5215C9260>,0,https://www.radio-polska.pl/radio-gra-951-wroclaw,,0
pl Toksyna FM - PsyTrance,pl_Toksyna_FM_-_PsyTrance,<function Commercial2 at 0x000002B5215C9260>,1,https://www.radio-polska.pl/toksyna-fm-psytrance,,0
pl ESKA2 Jelenia Góra,pl_ESKA2_Jelenia_Góra,<function Commercial2 at 0x000002B5215C9260>,0,https://www.radio-polska.pl/supernova-jelenia-gora,,2
pl RMF wakacyjne TOP 100,pl_RMF_wakacyjne_TOP_100,<function Commercial2 at 0x000002B5215C9260>,0,https://www.radio-polska.pl/rmf-wakacyjne-top-100,,0
pl Radio Chrześcijanin,pl_Radio_Chrześcijanin,<function Commercial2 at 0x000002B5215C9260>,1,https://www.radio-polska.pl/radio-chrzescijanin,,0
pl Hitradio,pl_Hitradio,<function Commercial2 at 0x000002B5215C9260>,1,https://www.radio-polska.pl/hitradio,,0
pl ESKA Bełchatów,pl_ESKA_Bełchatów,<function Commercial2 at 0x000002B5215C9260>,0,https://www.radio-polska.pl/eska-belchatow,,0
pl Radio Manhattan,pl_Radio_Manhattan,<function Commercial2 at 0x000002B5215C9260>,1,https://www.radio-polska.pl/radio-manhattan-998,,0
pl Radio Danielka,pl_Radio_Danielka,<function Commercial2 at 0x000002B5215C9260>,1,https://www.radio-polska.pl/radio-danielka,,0
pl Radio Bon Ton,pl_Radio_Bon_Ton,<function Commercial2 at 0x000002B5215C9260>,0,https://www.radio-polska.pl/radio-bon-ton,,0
pl RMF Top 30 dance,pl_RMF_Top_30_dance,<function Commercial2 at 0x000002B5215C9260>,0,https://www.radio-polska.pl/rmf-top-30-dance,,0
pl Antyradio Makak,pl_Antyradio_Makak,<function Commercial2 at 0x000002B5215C9260>,0,https://www.radio-polska.pl/antyradio-makak,,0
pl Radio Akadera,pl_Radio_Akadera,<function Commercial2 at 0x000002B5215C9260>,0,https://www.radio-polska.pl/radio-akadera,,0
pl RMF Francais,pl_RMF_Francais,<function Commercial2 at 0x000002B5215C9260>,0,https://www.radio-polska.pl/rmf-francais,,0
pl RMF Cuba,pl_RMF_Cuba,<function Commercial2 at 0x000002B5215C9260>,0,https://www.radio-polska.pl/rmf-cuba,,0
pl RMF Hity wakacji 2021,pl_RMF_Hity_wakacji_2021,<function Commercial2 at 0x000002B5215C9260>,0,https://www.radio-polska.pl/rmf-hity-wakacji-2021,,0
pl Radio Paranormalium,pl_Radio_Paranormalium,<function Commercial2 at 0x000002B5215C9260>,0,https://www.radio-polska.pl/radio-paranormalium,,0
pl Pallotti.FM,pl_Pallotti.FM,<function Commercial2 at 0x000002B5215C9260>,1,https://www.radio-polska.pl/pallottifm,,0
pl RMF Alternatywa,pl_RMF_Alternatywa,<function Commercial2 at 0x000002B5215C9260>,0,https://www.radio-polska.pl/rmf-alternatywa,,0
pl ESKA Beskidy,pl_ESKA_Beskidy,<function Commercial2 at 0x000002B5215C9260>,0,https://www.radio-polska.pl/eska-beskidy,,0
pl StrefaDobrejMuzy Radio SDM,pl_StrefaDobrejMuzy_Radio_SDM,<function Commercial2 at 0x000002B5215C9260>,0,https://www.radio-polska.pl/strefadobrejmuzy,,0
pl ESKA Iława,pl_ESKA_Iława,<function Commercial2 at 0x000002B5215C9260>,0,https://www.radio-polska.pl/eska-ilawa,,0
pl RMF Fitness Rock,pl_RMF_Fitness_Rock,<function Commercial2 at 0x000002B5215C9260>,0,https://www.radio-polska.pl/rmf-fitness-rock,,0
pl Radio PLUS Podhale,pl_Radio_PLUS_Podhale,<function Commercial2 at 0x000002B5215C9260>,0,https://www.radio-polska.pl/radio-plus-podhale,,0
pl Radio RSC 88.6,pl_Radio_RSC_88.6,<function Commercial2 at 0x000002B5215C9260>,0,https://www.radio-polska.pl/radio-rsc-886,,0
pl Radio Rodzina Kalisz,pl_Radio_Rodzina_Kalisz,<function Commercial2 at 0x000002B5215C9260>,0,https://www.radio-polska.pl/radio-rodzina-kalisz,,0
pl Radio The Best - Euro Dance,pl_Radio_The_Best_-_Euro_Dance,<function Commercial2 at 0x000002B5215C9260>,0,https://www.radio-polska.pl/radio-the-best-euro-dance,,0
pl Radio Chrześcijanin - Instrumentalna,pl_Radio_Chrześcijanin_-_Instrumentalna,<function Commercial2 at 0x000002B5215C9260>,1,https://www.radio-polska.pl/radio-chrzescijanin-instrumentalna,,0
pl RMF Piosenka filmowa,pl_RMF_Piosenka_filmowa,<function Commercial2 at 0x000002B5215C9260>,0,https://www.radio-polska.pl/rmf-piosenka-filmowa,,0
pl Radio dla Dorosłych,pl_Radio_dla_Dorosłych,<function Commercial2 at 0x000002B5215C9260>,1,https://www.radio-polska.pl/radio-dla-doroslych,,0
pl Antyradio Covers,pl_Antyradio_Covers,<function Commercial2 at 0x000002B5215C9260>,0,https://www.radio-polska.pl/antyradio-covers,,0
pl Radio Bemowo FM,pl_Radio_Bemowo_FM,<function Commercial2 at 0x000002B5215C9260>,0,https://www.radio-polska.pl/radio-bemowo-fm,,0
pl HiphopStacja,pl_HiphopStacja,<function Commercial2 at 0x000002B5215C9260>,1,https://www.radio-polska.pl/hiphopstacja,,0
pl Radio Zak,pl_Radio_Zak,<function Commercial2 at 0x000002B5215C9260>,0,https://www.radio-polska.pl/radio-zak,,0
pl ESKA2 Polska Impreza,pl_ESKA2_Polska_Impreza,<function Commercial2 at 0x000002B5215C9260>,0,https://www.radio-polska.pl/supernova-party,,0
pl ESKA2 Konin,pl_ESKA2_Konin,<function Commercial2 at 0x000002B5215C9260>,0,https://www.radio-polska.pl/supernova-konin,,0
pl 30 lat RMF FM,pl_30_lat_RMF_FM,<function Commercial2 at 0x000002B5215C9260>,0,https://www.radio-polska.pl/30-lat-rmf-fm,,0
pl Radio Armageddon,pl_Radio_Armageddon,<function Commercial2 at 0x000002B5215C9260>,0,https://www.radio-polska.pl/radio-armageddon,,0
pl ESKA Kraśnik,pl_ESKA_Kraśnik,<function Commercial2 at 0x000002B5215C9260>,0,https://www.radio-polska.pl/eska-krasnik,,0
pl Katolickie Radio Ciechanów,pl_Katolickie_Radio_Ciechanów,<function Commercial2 at 0x000002B5215C9260>,0,https://www.radio-polska.pl/katolickie-radio-ciechanow,,0
pl ESKA Szczecinek,pl_ESKA_Szczecinek,<function Commercial2 at 0x000002B5215C9260>,0,https://www.radio-polska.pl/eska-szczecinek,,2
pl X Stacja,pl_X_Stacja,<function Commercial2 at 0x000002B5215C9260>,0,https://www.radio-polska.pl/x-stacja,,0
pl Radio XVIBE,pl_Radio_XVIBE,<function Commercial2 at 0x000002B5215C9260>,0,https://www.radio-polska.pl/radio-xvibe,,0
pl Radio Orbit,pl_Radio_Orbit,<function Commercial2 at 0x000002B5215C9260>,0,https://www.radio-polska.pl/radio-orbit,,0
pl Toksyna FM - Elektronica,pl_Toksyna_FM_-_Elektronica,<function Commercial2 at 0x000002B5215C9260>,1,https://www.radio-polska.pl/toksyna-fm-elektronica,,0
pl HellsFM,pl_HellsFM,<function Commercial2 at 0x000002B5215C9260>,0,https://www.radio-polska.pl/hellsfm,,0
pl Radio Hit FM,pl_Radio_Hit_FM,<function Commercial2 at 0x000002B5215C9260>,1,https://www.radio-polska.pl/radio-hit-fm,,0
pl ESKA Siedlce,pl_ESKA_Siedlce,<function Commercial2 at 0x000002B5215C9260>,0,https://www.radio-polska.pl/eska-siedlce,,0
pl Radio Gniezno 104.3,pl_Radio_Gniezno_104.3,<function Commercial2 at 0x000002B5215C9260>,1,https://www.radio-polska.pl/radio-gniezno-1043,,0
pl RadioMix,pl_RadioMix,<function Commercial2 at 0x000002B5215C9260>,0,https://www.radio-polska.pl/radiomix,,0
pl RMF Pobudka,pl_RMF_Pobudka,<function Commercial2 at 0x000002B5215C9260>,0,https://www.radio-polska.pl/rmf-pobudka,,0
pl Radio Plus Opole,pl_Radio_Plus_Opole,<function Commercial2 at 0x000002B5215C9260>,1,https://www.radio-polska.pl/radio-plus-opole,,0
pl Radio Mbox - Gold Hit's,pl_Radio_Mbox_-_Gold_Hit's,<function Commercial2 at 0x000002B5215C9260>,0,https://www.radio-polska.pl/radio-mbox-gold-hits,,0
pl Radio Imperium,pl_Radio_Imperium,<function Commercial2 at 0x000002B5215C9260>,0,https://www.radio-polska.pl/radio-imperium,,0
pl ESKA Suwałki,pl_ESKA_Suwałki,<function Commercial2 at 0x000002B5215C9260>,0,https://www.radio-polska.pl/eska-suwalki,,0
pl Radio Rekord Sandomierz,pl_Radio_Rekord_Sandomierz,<function Commercial2 at 0x000002B5215C9260>,0,https://www.radio-polska.pl/radio-rekord-sandomierz,,0
pl Flash FM,pl_Flash_FM,<function Commercial2 at 0x000002B5215C9260>,1,https://www.radio-polska.pl/flash-fm,,0
pl Radio Index,pl_Radio_Index,<function Commercial2 at 0x000002B5215C9260>,0,https://www.radio-polska.pl/radio-index,,0
pl RMF Top 30 Pop,pl_RMF_Top_30_Pop,<function Commercial2 at 0x000002B5215C9260>,0,https://www.radio-polska.pl/rmf-top-30-pop,,0
pl EL-Stacja,pl_EL-Stacja,<function Commercial2 at 0x000002B5215C9260>,0,https://www.radio-polska.pl/radio-el,,0
pl Radio Żory,pl_Radio_Żory,<function Commercial2 at 0x000002B5215C9260>,0,https://www.radio-polska.pl/radio-zory,,0
pl Akademickie Radio Centrum 89.0 FM,pl_Akademickie_Radio_Centrum_89.0_FM,<function Commercial2 at 0x000002B5215C9260>,1,https://www.radio-polska.pl/akademickie-radio-centrum-890-fm,,0
pl RMF Bravo,pl_RMF_Bravo,<function Commercial2 at 0x000002B5215C9260>,0,https://www.radio-polska.pl/rmf-bravo,,0
pl Radio Slupsk,pl_Radio_Slupsk,<function Commercial2 at 0x000002B5215C9260>,1,https://www.radio-polska.pl/radio-slupsk,,0
pl Toksyna FM - Post Punk,pl_Toksyna_FM_-_Post_Punk,<function Commercial2 at 0x000002B5215C9260>,1,https://www.radio-polska.pl/toksyna-fm-post-punk,,0
pl Polski.FM 92.7 & 99.9,pl_Polski.FM_92.7_&_99.9,<function Commercial2 at 0x000002B5215C9260>,0,https://www.radio-polska.pl/polskifm-927-999,,0
pl Rave FM,pl_Rave_FM,<function Commercial2 at 0x000002B5215C9260>,1,https://www.radio-polska.pl/rave-fm,,0
pl Lokalne Radio Ryn,pl_Lokalne_Radio_Ryn,<function Commercial2 at 0x000002B5215C9260>,1,https://www.radio-polska.pl/lokalne-radio-ryn,,0
pl Radio FSSPX Polska,pl_Radio_FSSPX_Polska,<function Commercial2 at 0x000002B5215C9260>,1,https://www.radio-polska.pl/radio-fsspx-polska,,0
pl Folk Radio,pl_Folk_Radio,<function Commercial2 at 0x000002B5215C9260>,1,https://www.radio-polska.pl/folk-radio,,0
pl Radio Dźwięk,pl_Radio_Dźwięk,<function Commercial2 at 0x000002B5215C9260>,0,https://www.radio-polska.pl/radio-dzwiek,,0
pl RMF R&B,pl_RMF_R&B,<function Commercial2 at 0x000002B5215C9260>,0,https://www.radio-polska.pl/rmf-rb,,0
pl Toksyna FM Classic,pl_Toksyna_FM_Classic,<function Commercial2 at 0x000002B5215C9260>,1,https://www.radio-polska.pl/toksyna-fm-classic,,0
pl Radio MRS,pl_Radio_MRS,<function Commercial2 at 0x000002B5215C9260>,0,https://www.radio-polska.pl/radio-mrs,,0
pl ESKA Żary,pl_ESKA_Żary,<function Commercial2 at 0x000002B5215C9260>,0,https://www.radio-polska.pl/eska-zary,,0
pl Toksyna FM - Chillout & More,pl_Toksyna_FM_-_Chillout_&_More,<function Commercial2 at 0x000002B5215C9260>,1,https://www.radio-polska.pl/toksyna-fm-chillout-more,,0
pl Radio Elka Głogów,pl_Radio_Elka_Głogów,<function Commercial2 at 0x000002B5215C9260>,0,https://www.radio-polska.pl/radio-elka-glogow2,,2
pl Radio Rekord Mazowsze,pl_Radio_Rekord_Mazowsze,<function Commercial2 at 0x000002B5215C9260>,0,https://www.radio-polska.pl/radio-rekord-mazowsze,,0
pl Radio Sochaczew,pl_Radio_Sochaczew,<function Commercial2 at 0x000002B5215C9260>,0,https://www.radio-polska.pl/radio-sochaczew,,0
pl vibefm,pl_vibefm,<function Commercial2 at 0x000002B5215C9260>,0,https://www.radio-polska.pl/vibefm,,0
pl ESKA Małopolska,pl_ESKA_Małopolska,<function Commercial2 at 0x000002B5215C9260>,0,https://www.radio-polska.pl/eska-malopolska,,0
pl Radio Warmii i Mazur,pl_Radio_Warmii_i_Mazur,<function Commercial2 at 0x000002B5215C9260>,0,https://www.radio-polska.pl/radio-warmii-i-mazur,,0
pl Radio Nadzieja,pl_Radio_Nadzieja,<function Commercial2 at 0x000002B5215C9260>,0,https://www.radio-polska.pl/radio-nadzieja,,0
pl ESKA Przemyśl,pl_ESKA_Przemyśl,<function Commercial2 at 0x000002B5215C9260>,0,https://www.radio-polska.pl/eska-przemysl,,0
pl Radio Martynianka,pl_Radio_Martynianka,<function Commercial2 at 0x000002B5215C9260>,0,https://www.radio-polska.pl/radio-martynianka,,0
pl RMF Hot New,pl_RMF_Hot_New,<function Commercial2 at 0x000002B5215C9260>,0,https://www.radio-polska.pl/rmf-hot-new,,0
pl Banita Maxx Radio,pl_Banita_Maxx_Radio,<function Commercial2 at 0x000002B5215C9260>,0,https://www.radio-polska.pl/banita-maxx-radio,,0
pl Radio Sekret,pl_Radio_Sekret,<function Commercial2 at 0x000002B5215C9260>,0,https://www.radio-polska.pl/radio-sekret,,0
pl Radio FTB Retro DJ,pl_Radio_FTB_Retro_DJ,<function Commercial2 at 0x000002B5215C9260>,0,https://www.radio-polska.pl/radio-ftb-retro-dj,,0
pl 103 RADIO,pl_103_RADIO,<function Commercial2 at 0x000002B5215C9260>,0,https://www.radio-polska.pl/103-radio,,0
pl House of Funk Radio,pl_House_of_Funk_Radio,<function Commercial2 at 0x000002B5215C9260>,0,https://www.radio-polska.pl/house-of-funk-radio,,0
pl Radio Nieżurawska,pl_Radio_Nieżurawska,<function Commercial2 at 0x000002B5215C9260>,0,https://www.radio-polska.pl/radio-niezurawska,,0
pl Radio Safira,pl_Radio_Safira,<function Commercial2 at 0x000002B5215C9260>,0,https://www.radio-polska.pl/radio-safira,,0
pl Radio Włocławek WPP 101.4 FM,pl_Radio_Włocławek_WPP_101.4_FM,<function Commercial2 at 0x000002B5215C9260>,0,https://www.radio-polska.pl/radio-wloclawek-wpp-1014-fm,,0
pl ESKA2Trzebnica,pl_ESKA2Trzebnica,<function Commercial2 at 0x000002B5215C9260>,0,https://www.radio-polska.pl/supernova-trzebnica,,0
pl Rocktoberfest,pl_Rocktoberfest,<function Commercial2 at 0x000002B5215C9260>,0,https://www.radio-polska.pl/rocktoberfest,,0
pl RMF Grunge,pl_RMF_Grunge,<function Commercial2 at 0x000002B5215C9260>,0,https://www.radio-polska.pl/rmf-grunge,,0
pl Radio Studnia,pl_Radio_Studnia,<function Commercial2 at 0x000002B5215C9260>,1,https://www.radio-polska.pl/radio-studnia,,0
pl ESKA Jelenia Góra,pl_ESKA_Jelenia_Góra,<function Commercial2 at 0x000002B5215C9260>,0,https://www.radio-polska.pl/eska-jelenia-gora,,0
pl Radio ElitaCafe\REC\,pl_Radio_ElitaCafe\REC\,<function Commercial2 at 0x000002B5215C9260>,0,https://www.radio-polska.pl/radio-elita-cafe,,0
pl ESKA Braniewo,pl_ESKA_Braniewo,<function Commercial2 at 0x000002B5215C9260>,0,https://www.radio-polska.pl/eska-braniewo,,0
pl ESKA Starachowice,pl_ESKA_Starachowice,<function Commercial2 at 0x000002B5215C9260>,0,https://www.radio-polska.pl/eska-starachowice,,0
pl RMF 10s,pl_RMF_10s,<function Commercial2 at 0x000002B5215C9260>,0,https://www.radio-polska.pl/rmf-10s,,0
pl RMF Trend Sounds,pl_RMF_Trend_Sounds,<function Commercial2 at 0x000002B5215C9260>,0,https://www.radio-polska.pl/rmf-club-breaks,,0
pl Radio MBox,pl_Radio_MBox,<function Commercial2 at 0x000002B5215C9260>,1,https://www.radio-polska.pl/radio-mbox,,0
pl Radio OIOM - Oddzial Intensywnej Opieki Muzycznej,pl_Radio_OIOM_-_Oddzial_Intensywnej_Opieki_Muzycznej,<function Commercial2 at 0x000002B5215C9260>,0,https://www.radio-polska.pl/radio-oiom-oddzial-intensywnej-opieki-muzycznej,,0
pl RMF Top 30 PL,pl_RMF_Top_30_PL,<function Commercial2 at 0x000002B5215C9260>,0,https://www.radio-polska.pl/rmf-top-30-pl,,0
pl Toksyna FM - DJ Channel,pl_Toksyna_FM_-_DJ_Channel,<function Commercial2 at 0x000002B5215C9260>,1,https://www.radio-polska.pl/toksyna-fm-dj-channel,,0
pl RMF GameMusic,pl_RMF_GameMusic,<function Commercial2 at 0x000002B5215C9260>,0,https://www.radio-polska.pl/rmf-gamemusic,,0
pl Radio Gozdawa,pl_Radio_Gozdawa,<function Commercial2 at 0x000002B5215C9260>,0,https://www.radio-polska.pl/radio-gozdawa,,0
pl Radio Moc,pl_Radio_Moc,<function Commercial2 at 0x000002B5215C9260>,0,https://www.radio-polska.pl/radio-moc,,0
pl Toksyna FM - New Romantic,pl_Toksyna_FM_-_New_Romantic,<function Commercial2 at 0x000002B5215C9260>,1,https://www.radio-polska.pl/toksyna-fm-new-romantic,,0
pl Radio Centrum 11,pl_Radio_Centrum_11,<function Commercial2 at 0x000002B5215C9260>,1,https://www.radio-polska.pl/radio-centrum-11,,0
pl Radio Borowiaczek,pl_Radio_Borowiaczek,<function Commercial2 at 0x000002B5215C9260>,0,https://www.radio-polska.pl/radio-borowiaczek,,0
pl Radio PIELGRZYM,pl_Radio_PIELGRZYM,<function Commercial2 at 0x000002B5215C9260>,1,https://www.radio-polska.pl/radio-pielgrzym,,0
pl Radio Orthodoxia 102.7 FM,pl_Radio_Orthodoxia_102.7_FM,<function Commercial2 at 0x000002B5215C9260>,0,https://www.radio-polska.pl/radio-orthodoxia-1027-fm,,0
pl Nasze Radio,pl_Nasze_Radio,<function Commercial2 at 0x000002B5215C9260>,0,https://www.radio-polska.pl/nasze-radio,,0
pl Radio Bartoszyce 90.9 FM,pl_Radio_Bartoszyce_90.9_FM,<function Commercial2 at 0x000002B5215C9260>,0,https://www.radio-polska.pl/radio-bartoszyce-909-fm,,0
pl Pro-Radio PL,pl_Pro-Radio_PL,<function Commercial2 at 0x000002B5215C9260>,1,https://www.radio-polska.pl/pro-radio-pl,,0
pl Christian Culture,pl_Christian_Culture,<function Commercial2 at 0x000002B5215C9260>,0,https://www.radio-polska.pl/christian-culture,,0
pl Radio Cezar Gdańsk,pl_Radio_Cezar_Gdańsk,<function Commercial2 at 0x000002B5215C9260>,1,https://www.radio-polska.pl/radio-cezar-gdansk,,0
pl Radio Kultura,pl_Radio_Kultura,<function Commercial2 at 0x000002B5215C9260>,0,https://www.radio-polska.pl/radio-kultura,,0
pl Radio ZET Covers,pl_Radio_ZET_Covers,<function Commercial2 at 0x000002B5215C9260>,0,https://www.radio-polska.pl/radio-zet-covers,,0
pl DJ SWIETEK,pl_DJ_SWIETEK,<function Commercial2 at 0x000002B5215C9260>,1,https://www.radio-polska.pl/dj-swietek,,0
pl Radio Paweł MIAZGA,pl_Radio_Paweł_MIAZGA,<function Commercial2 at 0x000002B5215C9260>,0,https://www.radio-polska.pl/radio-pawel-miazga,,0
pl Toksyna FM,pl_Toksyna_FM,<function Commercial2 at 0x000002B5215C9260>,1,https://www.radio-polska.pl/toksyna-fm,,0
pl RMF Styl,pl_RMF_Styl,<function Commercial2 at 0x000002B5215C9260>,0,https://www.radio-polska.pl/rmf-styl,,0
pl Radio Forte,pl_Radio_Forte,<function Commercial2 at 0x000002B5215C9260>,1,https://www.radio-polska.pl/radio-forte,,0
pl Radio Prestige,pl_Radio_Prestige,<function Commercial2 at 0x000002B5215C9260>,0,https://www.radio-polska.pl/radio-prestige,,0
pl Radio w nienagannym stylu,pl_Radio_w_nienagannym_stylu,<function Commercial2 at 0x000002B5215C9260>,1,https://www.radio-polska.pl/radio-w-nienagannym-stylu,,0
pl Radio SOK Sulecin,pl_Radio_SOK_Sulecin,<function Commercial2 at 0x000002B5215C9260>,0,https://www.radio-polska.pl/radio-sok-sulecin,,0
pl Radio Sygnały,pl_Radio_Sygnały,<function Commercial2 at 0x000002B5215C9260>,1,https://www.radio-polska.pl/radio-sygnaly,,0
pl Radio Lemko,pl_Radio_Lemko,<function Commercial2 at 0x000002B5215C9260>,0,https://www.radio-polska.pl/radio-lemko,,0
pl Radio Kuropatwa,pl_Radio_Kuropatwa,<function Commercial2 at 0x000002B5215C9260>,1,https://www.radio-polska.pl/radio-kuropatwa,,0
pl Radio Opole 2 Kultura,pl_Radio_Opole_2_Kultura,<function Commercial2 at 0x000002B5215C9260>,0,https://www.radio-polska.pl/pr-radio-opole-2,,0
pl Radio Veseli Bosanac,pl_Radio_Veseli_Bosanac,<function Commercial2 at 0x000002B5215C9260>,0,https://www.radio-polska.pl/radio-veseli-bosanac,,0
pl Polskie Radio Larmo,pl_Polskie_Radio_Larmo,<function Commercial2 at 0x000002B5215C9260>,0,https://www.radio-polska.pl/polskie-radio-larmo,,0
pl UJOT FM,pl_UJOT_FM,<function Commercial2 at 0x000002B5215C9260>,0,https://www.radio-polska.pl/ujot-fm2,,0
pl RadioL4INE,pl_RadioL4INE,<function Commercial2 at 0x000002B5215C9260>,0,https://www.radio-polska.pl/radiol4ine,,2
pl Radio Anime 24,pl_Radio_Anime_24,<function Commercial2 at 0x000002B5215C9260>,1,https://www.radio-polska.pl/radio-anime-24,,0
pl Radio NaGłos Akademicka Rozgłośnia Jeleniej Góry,pl_Radio_NaGłos_Akademicka_Rozgłośnia_Jeleniej_Góry,<function Commercial2 at 0x000002B5215C9260>,1,https://www.radio-polska.pl/radio-naglos-akademicka-rozglosnia-jeleniej-gory,,0
pl Radio EXTRA,pl_Radio_EXTRA,<function Commercial2 at 0x000002B5215C9260>,0,https://www.radio-polska.pl/radio-extra,,0
pl Na Okrągło,pl_Na_Okrągło,<function Commercial2 at 0x000002B5215C9260>,0,https://www.radio-polska.pl/na-okraglo,,2
pl Radio Żnin,pl_Radio_Żnin,<function Commercial2 at 0x000002B5215C9260>,1,https://www.radio-polska.pl/radio-znin,,0
pl Лем фм (Lem FM),pl_Лем_фм_(Lem_FM),<function Commercial2 at 0x000002B5215C9260>,1,https://www.radio-polska.pl/lem-fm-lem-fm,,0
pl LicznikFM,pl_LicznikFM,<function Commercial2 at 0x000002B5215C9260>,0,https://www.radio-polska.pl/licznikfm,,0
pl Radio Biedrzychowice,pl_Radio_Biedrzychowice,<function Commercial2 at 0x000002B5215C9260>,1,https://www.radio-polska.pl/radio-biedrzychowice,,0
pl Radio Piotrków,pl_Radio_Piotrków,<function Commercial2 at 0x000002B5215C9260>,0,https://www.radio-polska.pl/radio-piotrkow,,0
pl Radio DTR,pl_Radio_DTR,<function Commercial2 at 0x000002B5215C9260>,0,https://www.radio-polska.pl/radio-dtr2,,0
pl Best of RMFON,pl_Best_of_RMFON,<function Commercial2 at 0x000002B5215C9260>,0,https://www.radio-polska.pl/best-of-rmfon,,0
pl Radio Tczew 100.8 FM,pl_Radio_Tczew_100.8_FM,<function Commercial2 at 0x000002B5215C9260>,0,https://www.radio-polska.pl/radio-tczew-1008-fm,,0
pl RMF FRESH 2021,pl_RMF_FRESH_2021,<function Commercial2 at 0x000002B5215C9260>,0,https://www.radio-polska.pl/rmf-fresh-2021,,0
pl Radio z Pasją Brzeg,pl_Radio_z_Pasją_Brzeg,<function Commercial2 at 0x000002B5215C9260>,0,https://www.radio-polska.pl/radio-z-pasja-brzeg,,0
pl Radio DiscoFM,pl_Radio_DiscoFM,<function Commercial2 at 0x000002B5215C9260>,0,https://www.radio-polska.pl/radio-discofm,,0
pl UJOT FM,pl_UJOT_FM,<function Commercial2 at 0x000002B5215C9260>,0,https://www.radio-polska.pl/ujot-fm,,0
pl RADIO EGIDA,pl_RADIO_EGIDA,<function Commercial2 at 0x000002B5215C9260>,0,https://www.radio-polska.pl/radio-egida,,0
pl RADIO NIESIOŁOWICE,pl_RADIO_NIESIOŁOWICE,<function Commercial2 at 0x000002B5215C9260>,0,https://www.radio-polska.pl/radio-niesiolowice,,0
pl Radio Kapitał,pl_Radio_Kapitał,<function Commercial2 at 0x000002B5215C9260>,0,https://www.radio-polska.pl/radio-kapital,,0
pl Radio Spin,pl_Radio_Spin,<function Commercial2 at 0x000002B5215C9260>,1,https://www.radio-polska.pl/radiospin,,0
pl Radio Motyw,pl_Radio_Motyw,<function Commercial2 at 0x000002B5215C9260>,0,https://www.radio-polska.pl/radio-motyw,,0
pl Radio eM 107.9 FM,pl_Radio_eM_107.9_FM,<function Commercial2 at 0x000002B5215C9260>,0,https://www.radio-polska.pl/radio-em-1079-fm,,0
pl UWM FM,pl_UWM_FM,<function Commercial2 at 0x000002B5215C9260>,1,https://www.radio-polska.pl/uwm-fm,,0
pl RadioL4INE Poland + Australia,pl_RadioL4INE_Poland_+_Australia,<function Commercial2 at 0x000002B5215C9260>,0,https://www.radio-polska.pl/radiol4ine-poland-australia,,2
pl Radio Bunt,pl_Radio_Bunt,<function Commercial2 at 0x000002B5215C9260>,1,https://www.radio-polska.pl/radio-bunt,,0
pl STACJARMX,pl_STACJARMX,<function Commercial2 at 0x000002B5215C9260>,1,https://www.radio-polska.pl/stacjarmx,,0
pl FRED FILM RADIO Polish,pl_FRED_FILM_RADIO_Polish,<function Commercial2 at 0x000002B5215C9260>,1,https://www.radio-polska.pl/fred-film-radio-polish,,0
pl RMF Studencka impreza,pl_RMF_Studencka_impreza,<function Commercial2 at 0x000002B5215C9260>,0,https://www.radio-polska.pl/rmf-studencka-impreza,,0
pl ESKA Ostrzeszów,pl_ESKA_Ostrzeszów,<function Commercial2 at 0x000002B5215C9260>,0,https://www.radio-polska.pl/eska-ostrzeszow,,0
pl Sizeer FM,pl_Sizeer_FM,<function Commercial2 at 0x000002B5215C9260>,0,https://www.radio-polska.pl/sizeer-fm,,0
pl Radio Tango Uno,pl_Radio_Tango_Uno,<function Commercial2 at 0x000002B5215C9260>,0,https://www.radio-polska.pl/radio-tango-uno,,0
pl DEWURADIO,pl_DEWURADIO,<function Commercial2 at 0x000002B5215C9260>,0,https://www.radio-polska.pl/dewuradio,,0
pl Radio FortyPlus,pl_Radio_FortyPlus,<function Commercial2 at 0x000002B5215C9260>,0,https://www.radio-polska.pl/radio-fortyplus,,0
pl Radio MORS,pl_Radio_MORS,<function Commercial2 at 0x000002B5215C9260>,0,https://www.radio-polska.pl/radio-mors,,2
pl LotniskavAirport PL,pl_LotniskavAirport_PL,<function Commercial2 at 0x000002B5215C9260>,1,https://www.radio-polska.pl/lotniskaairport-pl,,0
pl Radio Voices from Ukraine,pl_Radio_Voices_from_Ukraine,<function Commercial2 at 0x000002B5215C9260>,0,https://www.radio-polska.pl/radio-voices-from-ukraine,,0
pl Radio FTB Flash FM,pl_Radio_FTB_Flash_FM,<function Commercial2 at 0x000002B5215C9260>,0,https://www.radio-polska.pl/radio-ftb-flash-fm,,0
pl Radio Widzew,pl_Radio_Widzew,<function Commercial2 at 0x000002B5215C9260>,0,https://www.radio-polska.pl/radio-widzew,,0
pl Radio DHT (kanał główny),pl_Radio_DHT_(kanał_główny),<function Commercial2 at 0x000002B5215C9260>,0,https://www.radio-polska.pl/radio-dht,,0
pl Radio FunFM,pl_Radio_FunFM,<function Commercial2 at 0x000002B5215C9260>,0,https://www.radio-polska.pl/radio-funfm,,0
pl PAWAROTA Radio,pl_PAWAROTA_Radio,<function Commercial2 at 0x000002B5215C9260>,0,https://www.radio-polska.pl/pawarota-radio,,0
pl Brama północy,pl_Brama_północy,<function Commercial2 at 0x000002B5215C9260>,0,https://www.radio-polska.pl/brama-polnocy,,0
pl Radio-Stacja,pl_Radio-Stacja,<function Commercial2 at 0x000002B5215C9260>,0,https://www.radio-polska.pl/radio-stacja-pl,,0
pl Radio AleKanał!,pl_Radio_AleKanał!,<function Commercial2 at 0x000002B5215C9260>,1,https://www.radio-polska.pl/radio-alekanal,,0
pl LPU Radio,pl_LPU_Radio,<function Commercial2 at 0x000002B5215C9260>,0,https://www.radio-polska.pl/lpu-radio,,0
pl Radio Iżewska,pl_Radio_Iżewska,<function Commercial2 at 0x000002B5215C9260>,0,https://www.radio-polska.pl/radio-izewska,,0
pl Och! Radio,pl_Och!_Radio,<function Commercial2 at 0x000002B5215C9260>,0,https://www.radio-polska.pl/och-radio,,0
pl Radio Cloudsdale,pl_Radio_Cloudsdale,<function Commercial2 at 0x000002B5215C9260>,0,https://www.radio-polska.pl/radio-cloudsdale,,0
pl RADIO WIZJE,pl_RADIO_WIZJE,<function Commercial2 at 0x000002B5215C9260>,0,https://www.radio-polska.pl/radio-wizje,,0
pl Studencka Agencja Radiowa,pl_Studencka_Agencja_Radiowa,<function Commercial2 at 0x000002B5215C9260>,0,https://www.radio-polska.pl/studencka-agencja-radiowa,,0
pl Radio Strefa Muzy,pl_Radio_Strefa_Muzy,<function Commercial2 at 0x000002B5215C9260>,0,https://www.radio-polska.pl/radio-strefa-muzy,,0
pl Radio Sumerparty,pl_Radio_Sumerparty,<function Commercial2 at 0x000002B5215C9260>,0,https://www.radio-polska.pl/radio-sumerparty,,0
pl Radio Graco Media,pl_Radio_Graco_Media,<function Commercial2 at 0x000002B5215C9260>,0,https://www.radio-polska.pl/radio-kaka,,0
pl UK Radio FM W RYTMIE HITÓW,pl_UK_Radio_FM_W_RYTMIE_HITÓW,<function Commercial2 at 0x000002B5215C9260>,0,https://www.radio-polska.pl/uk-radio-fm,,1
pl RadioWoM,pl_RadioWoM,<function Commercial2 at 0x000002B5215C9260>,1,https://www.radio-polska.pl/radiowom,,0
pl DUBSTEP24H,pl_DUBSTEP24H,<function Commercial2 at 0x000002B5215C9260>,0,https://www.radio-polska.pl/dubstep24h,,0
pl Nasluch.com,pl_Nasluch.com,<function Commercial2 at 0x000002B5215C9260>,1,https://www.radio-polska.pl/nasluchcom,,0
pl Freeroam FM,pl_Freeroam_FM,<function Commercial2 at 0x000002B5215C9260>,1,https://www.radio-polska.pl/freeroam-fm,,0
pl Radio EMKA,pl_Radio_EMKA,<function Commercial2 at 0x000002B5215C9260>,0,https://www.radio-polska.pl/radio-emka,,0
pl Cyfrowy Origin,pl_Cyfrowy_Origin,<function Commercial2 at 0x000002B5215C9260>,0,https://www.radio-polska.pl/cyfrowy-origin,,2
pl Niewidzialni FM,pl_Niewidzialni_FM,<function Commercial2 at 0x000002B5215C9260>,0,https://www.radio-polska.pl/niewidzialni-fm,,0
pl Radio Slask,pl_Radio_Slask,<function Commercial2 at 0x000002B5215C9260>,1,https://www.radio-polska.pl/radio-slask,,0
pl DUBSTEP24H.PL,pl_DUBSTEP24H.PL,<function Commercial2 at 0x000002B5215C9260>,0,https://www.radio-polska.pl/dubstep24hpl,,0
pl Radio Pryzmat,pl_Radio_Pryzmat,<function Commercial2 at 0x000002B5215C9260>,1,https://www.radio-polska.pl/radio-pryzmat,,0
pl X-Stacja Całkiem Inne Radio,pl_X-Stacja_Całkiem_Inne_Radio,<function Commercial2 at 0x000002B5215C9260>,0,https://www.radio-polska.pl/x-stacja-calkiem-inne-radio,,0
pl Radio TPI,pl_Radio_TPI,<function Commercial2 at 0x000002B5215C9260>,0,https://www.radio-polska.pl/radio-tpi,,0
pl Radio Nowinki,pl_Radio_Nowinki,<function Commercial2 at 0x000002B5215C9260>,1,https://www.radio-polska.pl/radio-nowinki,,0
pl RTV Mir,pl_RTV_Mir,<function Commercial2 at 0x000002B5215C9260>,0,https://www.radio-polska.pl/rtv-mir,,1
pl Povi,pl_Povi,<function Commercial2 at 0x000002B5215C9260>,1,https://www.radio-polska.pl/povi,,0
pl Cymru FM,pl_Cymru_FM,<function Commercial2 at 0x000002B5215C9260>,0,https://www.radio-polska.pl/cymru-fm,,0
pl Radio SAR - Studencka Agencja Radiowa,pl_Radio_SAR_-_Studencka_Agencja_Radiowa,<function Commercial2 at 0x000002B5215C9260>,0,https://www.radio-polska.pl/radio-sar-studencka-agencja-radiowa,,0
pl Lagoon FM,pl_Lagoon_FM,<function Commercial2 at 0x000002B5215C9260>,0,https://www.radio-polska.pl/lagoon-fm,,0
pl Chaaawaaa Radio,pl_Chaaawaaa_Radio,<function Commercial2 at 0x000002B5215C9260>,0,https://www.radio-polska.pl/chaaawaaa-radio,,1
pl msRadio 90s,pl_msRadio_90s,<function Commercial2 at 0x000002B5215C9260>,0,https://www.radio-polska.pl/msradio-90s,,0
pl Bravo FM,pl_Bravo_FM,<function Commercial2 at 0x000002B5215C9260>,1,https://www.radio-polska.pl/bravo-fm,,0
pl TV Trwam,pl_TV_Trwam,<function Commercial2 at 0x000002B5215C9260>,1,https://www.radio-polska.pl/tv-trwam,,0
pl Planeta FM,pl_Planeta_FM,<function Commercial2 at 0x000002B5215C9260>,1,https://www.radio-polska.pl/planeta-fm,,0
pl Radio Bogoria,pl_Radio_Bogoria,<function Commercial2 at 0x000002B5215C9260>,1,https://www.radio-polska.pl/radio-bogoria,,0
pl Radio OKO,pl_Radio_OKO,<function Commercial2 at 0x000002B5215C9260>,1,https://www.radio-polska.pl/radio-oko,,0
pl Radio Ain Karim,pl_Radio_Ain_Karim,<function Commercial2 at 0x000002B5215C9260>,0,https://www.radio-polska.pl/radio-ain-karim,,2
pl RMF Teen,pl_RMF_Teen,<function Commercial2 at 0x000002B5215C9260>,0,https://www.radio-polska.pl/rmf-groove,,2
pl Smooth Jazz Cafe,pl_Smooth_Jazz_Cafe,<function Commercial2 at 0x000002B5215C9260>,0,https://www.radio-polska.pl/smooth-jazz-cafe,,1
pl Profeto.pl,pl_Profeto.pl,<function Commercial2 at 0x000002B5215C9260>,1,https://www.radio-polska.pl/profetopl,,0
pl Radio ZET Rock,pl_Radio_ZET_Rock,<function Commercial2 at 0x000002B5215C9260>,0,https://www.radio-polska.pl/radio-zet-rock,,1
pl Niepoprawne Radio PL,pl_Niepoprawne_Radio_PL,<function Commercial2 at 0x000002B5215C9260>,1,https://www.radio-polska.pl/niepoprawne-radio-pl,,0
pl Radio ZET Alternatywa,pl_Radio_ZET_Alternatywa,<function Commercial2 at 0x000002B5215C9260>,0,https://www.radio-polska.pl/radio-zet-supergold,,1
pl Radio ZET Hip-Hop,pl_Radio_ZET_Hip-Hop,<function Commercial2 at 0x000002B5215C9260>,0,https://www.radio-polska.pl/radio-zet-classic-rock,,1
pl Radio ZET Film,pl_Radio_ZET_Film,<function Commercial2 at 0x000002B5215C9260>,1,https://www.radio-polska.pl/radio-zet-film,,0
pl Radio Faustyna,pl_Radio_Faustyna,<function Commercial2 at 0x000002B5215C9260>,0,https://www.radio-polska.pl/radio-faustyna,,2
pl Radio Nysa FM,pl_Radio_Nysa_FM,<function Commercial2 at 0x000002B5215C9260>,1,https://www.radio-polska.pl/radio-nysa-fm,,0
pl DiscoPlaneta,pl_DiscoPlaneta,<function Commercial2 at 0x000002B5215C9260>,0,https://www.radio-polska.pl/discoplaneta,,1
pl Radio Sigma FM,pl_Radio_Sigma_FM,<function Commercial2 at 0x000002B5215C9260>,0,https://www.radio-polska.pl/radio-sigma-fm,,1
pl Severn FM,pl_Severn_FM,<function Commercial2 at 0x000002B5215C9260>,0,https://www.radio-polska.pl/severn-fm,,1
pl Radiofonia 100.5 FM,pl_Radiofonia_100.5_FM,<function Commercial2 at 0x000002B5215C9260>,0,https://www.radio-polska.pl/radiofonia-1005-fm,,2
pl Parafia,pl_Parafia,<function Commercial2 at 0x000002B5215C9260>,1,https://www.radio-polska.pl/parafia,,0
pl Weszlo FM,pl_Weszlo_FM,<function Commercial2 at 0x000002B5215C9260>,0,https://www.radio-polska.pl/weszlo-fm,,1
pl Radio Opole 3 Sport,pl_Radio_Opole_3_Sport,<function Commercial2 at 0x000002B5215C9260>,0,https://www.radio-polska.pl/radio-opole-1-godz,,1
pl Radio Opole 4 Historia,pl_Radio_Opole_4_Historia,<function Commercial2 at 0x000002B5215C9260>,0,https://www.radio-polska.pl/radio-opole-21-godz,,1
pl Radio Bagno,pl_Radio_Bagno,<function Commercial2 at 0x000002B5215C9260>,1,https://www.radio-polska.pl/radio-bagno,,0
pl Radio Muzyczna Fala,pl_Radio_Muzyczna_Fala,<function Commercial2 at 0x000002B5215C9260>,0,https://www.radio-polska.pl/radio-muzyczna-fala,,1
pl Radio Niebieskie Oczy Heleny,pl_Radio_Niebieskie_Oczy_Heleny,<function Commercial2 at 0x000002B5215C9260>,1,https://www.radio-polska.pl/radio-niebieskie-oczy-heleny,,0
pl Radio Uniwersytet,pl_Radio_Uniwersytet,<function Commercial2 at 0x000002B5215C9260>,0,https://www.radio-polska.pl/radio-uniwersytet,,0
pl newonce.radio,pl_newonce.radio,<function Commercial2 at 0x000002B5215C9260>,0,https://www.radio-polska.pl/newonceradio2,,1
pl Radio Szkocja,pl_Radio_Szkocja,<function Commercial2 at 0x000002B5215C9260>,1,https://www.radio-polska.pl/radio-szkocja,,0
pl 420 FM,pl_420_FM,<function Commercial2 at 0x000002B5215C9260>,1,https://www.radio-polska.pl/truckerclub,,0
pl Rock Radio - Opole,pl_Rock_Radio_-_Opole,<function Commercial2 at 0x000002B5215C9260>,1,https://www.radio-polska.pl/rock-radio-opole,,0
pl Radio Love Song,pl_Radio_Love_Song,<function Commercial2 at 0x000002B5215C9260>,0,https://www.radio-polska.pl/radio-love-song,,2
pl Lupus Deserto,pl_Lupus_Deserto,<function Commercial2 at 0x000002B5215C9260>,1,https://www.radio-polska.pl/lupus-deserto,,0
pl KMY.pl,pl_KMY.pl,<function Commercial2 at 0x000002B5215C9260>,0,https://www.radio-polska.pl/kmypl,,1
pl CoSTa-Server - Ambient,pl_CoSTa-Server_-_Ambient,<function Commercial2 at 0x000002B5215C9260>,0,https://www.radio-polska.pl/costa-server-ambient,,2
pl Radio FJV FM,pl_Radio_FJV_FM,<function Commercial2 at 0x000002B5215C9260>,1,https://www.radio-polska.pl/radio-fjv-fm,,0
pl Radiospacja,pl_Radiospacja,<function Commercial2 at 0x000002B5215C9260>,0,https://www.radio-polska.pl/radio-spacja,,1
pl Halo.Radio,pl_Halo.Radio,<function Commercial2 at 0x000002B5215C9260>,0,https://www.radio-polska.pl/haloradio,,1
pl Moto Radio,pl_Moto_Radio,<function Commercial2 at 0x000002B5215C9260>,0,https://www.radio-polska.pl/moto-radio,,2
pl Radio DHT (kanał drugi),pl_Radio_DHT_(kanał_drugi),<function Commercial2 at 0x000002B5215C9260>,0,https://www.radio-polska.pl/radio-dht-kanal-drugi,,1
pl Radio DTR,pl_Radio_DTR,<function Commercial2 at 0x000002B5215C9260>,0,https://www.radio-polska.pl/radio-dtr,,1
pl Max Hit Polska,pl_Max_Hit_Polska,<function Commercial2 at 0x000002B5215C9260>,0,https://www.radio-polska.pl/max-hit-fm-kanal-gold,,1
pl inne.radio,pl_inne.radio,<function Commercial2 at 0x000002B5215C9260>,0,https://www.radio-polska.pl/inneradio,,1
pl Eurostacja.pl,pl_Eurostacja.pl,<function Commercial2 at 0x000002B5215C9260>,0,https://www.radio-polska.pl/eurostacjapl,,2
pl Polskie Radio Ryn,pl_Polskie_Radio_Ryn,<function Commercial2 at 0x000002B5215C9260>,1,https://www.radio-polska.pl/polskie-radio-ryn,,0
pl KLIKRADIO,pl_KLIKRADIO,<function Commercial2 at 0x000002B5215C9260>,0,https://www.radio-polska.pl/klikradio,,2
pl Radio ZET African Therapy,pl_Radio_ZET_African_Therapy,<function Commercial2 at 0x000002B5215C9260>,0,https://www.radio-polska.pl/radio-zet-african-therapy,,1
pl RMF Funk,pl_RMF_Funk,<function Commercial2 at 0x000002B5215C9260>,0,https://www.radio-polska.pl/rmf-funk,,2
pl Radio TOP80s,pl_Radio_TOP80s,<function Commercial2 at 0x000002B5215C9260>,1,https://www.radio-polska.pl/radio-top80s,,0
pl CMTAKOS RADIO MUZYKA PODCAST,pl_CMTAKOS_RADIO_MUZYKA_PODCAST,<function Commercial2 at 0x000002B5215C9260>,1,https://www.radio-polska.pl/cmtakos-radio-muzyka,,0
pl Radio Black Wings,pl_Radio_Black_Wings,<function Commercial2 at 0x000002B5215C9260>,0,https://www.radio-polska.pl/radio-black-wings,,2
pl Radio Sigma FM,pl_Radio_Sigma_FM,<function Commercial2 at 0x000002B5215C9260>,0,https://www.radio-polska.pl/radio-sigma-fm2,,1
pl Radio Widok,pl_Radio_Widok,<function Commercial2 at 0x000002B5215C9260>,0,https://www.radio-polska.pl/radio-widok,,1
pl 4YouFM,pl_4YouFM,<function Commercial2 at 0x000002B5215C9260>,0,https://www.radio-polska.pl/4youfm,,1
pl Beats Radio 24v7 by nolyrics,pl_Beats_Radio_24v7_by_nolyrics,<function Commercial2 at 0x000002B5215C9260>,0,https://www.radio-polska.pl/beats-radio-247-by-nolyrics,,1
pl Dancing Soul,pl_Dancing_Soul,<function Commercial2 at 0x000002B5215C9260>,0,https://www.radio-polska.pl/dancing-soul,,2
pl RockReactor,pl_RockReactor,<function Commercial2 at 0x000002B5215C9260>,0,https://www.radio-polska.pl/rockreactor,,1
pl askfm.pl - KANAŁ GŁÓWNY,pl_askfm.pl_-_KANAŁ_GŁÓWNY,<function Commercial2 at 0x000002B5215C9260>,0,https://www.radio-polska.pl/askfmpl-kanal-glowny,,2
pl Blisko Tatr,pl_Blisko_Tatr,<function Commercial2 at 0x000002B5215C9260>,1,https://www.radio-polska.pl/blisko-tatr,,0
pl ProjectX,pl_ProjectX,<function Commercial2 at 0x000002B5215C9260>,0,https://www.radio-polska.pl/projectx,,1
pl FAAAN Radio,pl_FAAAN_Radio,<function Commercial2 at 0x000002B5215C9260>,0,https://www.radio-polska.pl/faaan-radio,,1
pl RADIO OLEŚNICA,pl_RADIO_OLEŚNICA,<function Commercial2 at 0x000002B5215C9260>,0,https://www.radio-polska.pl/radio-olesnica,,1
pl SYCÓW FM,pl_SYCÓW_FM,<function Commercial2 at 0x000002B5215C9260>,0,https://www.radio-polska.pl/sycow-fm,,1
pl Radio Oborniki,pl_Radio_Oborniki,<function Commercial2 at 0x000002B5215C9260>,0,https://www.radio-polska.pl/radio-oborniki,,1
pl SBS Radio - Polish,pl_SBS_Radio_-_Polish,<function Commercial2 at 0x000002B5215C9260>,1,https://www.radio-polska.pl/sbs-radio-polish,,0
pl Polskie Radio - News from Poland,pl_Polskie_Radio_-_News_from_Poland,<function Commercial2 at 0x000002B5215C9260>,1,https://www.radio-polska.pl/polskie-radio-news-from-poland,,0
